USE tecnotimedb;
INSERT INTO Account (
  username, hashedPassword, nome, cognome, sesso, email, numeroTelefono,
  nazione, provincia, citta, via, numeroCivico, CAP, ruolo, dataNascita
)
VALUES 
(
  'mrossi', 
  'hashed_pw_123', 
  'Mario', 
  'Rossi', 
  'M', 
  'mario.rossi@example.com', 
  '+391234567890', 
  'Italia', 
  'Milano', 
  'Milano', 
  'Via Roma', 
  '10', 
  '20100', 
  'utente_registrato', 
  '1990-05-20'
),
(
  'lbianchi', 
  'hashed_pw_456', 
  'Laura', 
  'Bianchi', 
  'F', 
  'laura.bianchi@example.com', 
  '+391112223334', 
  'Italia', 
  'Roma', 
  'Roma', 
  'Via Appia', 
  '21A', 
  '00100', 
  'amministratore', 
  '1985-09-15'
),
(
  'gverdi', 
  'hashed_pw_789', 
  'Giovanni', 
  'Verdi', 
  'M', 
  'giovanni.verdi@example.com', 
  '+393334445556', 
  'Italia', 
  'Napoli', 
  'Napoli', 
  'Via Napoli', 
  '33B', 
  '80100', 
  'utente_registrato', 
  '1992-03-08'
);

USE tecnotimedb;
-- Inserisco articoli
INSERT INTO Articolo (codiceIdentificativo, categoria, nome, dataUltimaPromozione, enteErogatore, disponibilita) VALUES
  ('ART100', 'Monitor', 'AOC CQ27G2U', '2025-06-01', 'AOC', TRUE),
  ('ART200', 'Tastiera', 'Keychron K8 I/O', '2025-05-15', 'Keychron', TRUE),
  ('ART300', 'Webcam', 'Logitech C920', '2025-03-20', 'Logitech', TRUE),
  ('ART400', 'Mouse', 'Logitech MX Master 3S', '2025-04-10', 'Logitech', TRUE),
  ('ART500', 'Stampante', 'HP LaserJet Pro M404dn', '2025-02-25', 'HP', FALSE),
  ('ART600', 'Cuffie', 'Sony WH-1000XM5', '2025-05-05', 'Sony', TRUE);
  
-- Inserisco servizi legati agli articoli corrispondenti
INSERT INTO Servizio (codiceServizio, prezzo, descrizione, durata, codiceIdentificativo) VALUES
  ('SRV100', 49.99, 'Installazione monitor AOC', 2, 'ART100'),
  ('SRV200', 19.99, 'Setup tastiera Keychron', 1, 'ART200'),
  ('SRV300', 29.99, 'Installazione webcam Logitech', 1, 'ART300');

-- Inserisco prodotti fisici basati sugli articoli
INSERT INTO Prodotto_Fisico (seriale, prezzo, descrizione, isPreassemblato, quantitaMagazzino, codiceIdentificativo) VALUES
  ('PF100A', 299.99, 'Monitor AOC CQ27G2U QHD 165Hz', FALSE, 15, 'ART400'),
  ('PF200B', 89.50, 'Tastiera meccanica RGB Keychron K8 I/O', FALSE, 30, 'ART500'),
  ('PF300C', 59.90, 'Webcam Logitech C920 Full HD', FALSE, 50, 'ART600');

-- Inserisco immagini per prodotti
INSERT INTO Immagine (url, codiceIdentificativo) VALUES 
( "https://www.dropbox.com/scl/fi/t6h8nzgtila0vqyzbcrsy/prova1.jpeg?rlkey=9euu5tm8rntz3td09cjq4dsx4&st=u5kas2lw&dl=0", "ART100"),
( "https://www.dropbox.com/scl/fi/t6h8nzgtila0vqyzbcrsy/prova1.jpeg?rlkey=9euu5tm8rntz3td09cjq4dsx4&st=u5kas2lw&dl=0", "ART200"),
( "https://www.dropbox.com/scl/fi/x7c9tbqvxg1yof0keohkr/prova2.jpeg?rlkey=eryqlx9mtyax4ujhqibgd6lf3&st=4xgo5ez7&dl=0", "ART200"),
( "https://www.dropbox.com/scl/fi/obhqwh5ykppawn1i7l2pp/prova3.jpeg?rlkey=35ay786sq5r2p9mqysd5qpjox&st=6effh8o8&dl=0", "ART300");

INSERT INTO Articolo (codiceIdentificativo, categoria, nome, dataUltimaPromozione, enteErogatore, disponibilita) VALUES
  ('ART700', 'Software', 'Microsoft Office 365', '2025-05-20', 'Microsoft', TRUE),
  ('ART800', 'Software', 'Adobe Photoshop CC', '2025-04-10', 'Adobe', TRUE),
  ('ART900', 'Software', 'AutoCAD 2025', '2025-03-01', 'Autodesk', TRUE);

-- Inserimento prodotti digitali
INSERT INTO Prodotto_Digitale (codiceSoftware, descrizione, prezzo, codiceIdentificativo) VALUES
  ('SW-OFF365', 'Licenza annuale per Office 365, versione personal e business', 69.99, 'ART700'),
  ('SW-PSCC', 'Adobe Photoshop Creative Cloud, licenza mensile', 22.99, 'ART800'),
  ('SW-ACAD', 'AutoCAD 2025 per studenti e professionisti', 159.00, 'ART900');
  
  USE tecnotimedb;

-- Creazione dei carrelli per i tre utenti
INSERT INTO Carrello (usernameCarrello, Carrello_Id) VALUES
('mrossi', "CAR1"),
('lbianchi', "CAR2"),
('gverdi', "CAR3");

USE tecnotimedb;

-- Aggiunta di 3 articoli al carrello di 'mrossi'
INSERT INTO Contiene (usernameCarrello, Carrello_Id, codiceIdentificativo, quantita) VALUES
('mrossi', "CAR1", 'ART100', 2),
('mrossi', "CAR1", 'ART400', 1),
('mrossi', "CAR1", 'ART700', 3);

-- Aggiunta di 2 articoli al carrello di 'lbianchi'
INSERT INTO Contiene (usernameCarrello, Carrello_Id, codiceIdentificativo, quantita) VALUES
('lbianchi', "CAR2", 'ART200', 2),
('lbianchi', "CAR2", 'ART800', 1);

-- Aggiunta di 4 articoli al carrello di 'gverdi'
INSERT INTO Contiene (usernameCarrello, Carrello_Id, codiceIdentificativo, quantita) VALUES
('gverdi', "CAR3", 'ART300', 1),
('gverdi', "CAR3", 'ART600', 1),
('gverdi', "CAR3", 'ART500', 3),
('gverdi', "CAR3", 'ART900', 1);

INSERT INTO processore (nomecompleto, marca, socket, datarilascio, Watt) VALUES
-- PROCESSORI INTEL--
('Intel Core i9-13900K','Intel','LGA 1700','2022-09-04',125),
('Intel Core i9-12900E', 'Intel', 'LGA 1700', '2022-01-04', 65),
('Intel Core i9-12900',  'Intel',  'LGA 1700', '2021-11-04', 65),
('Intel Core i9-12900K', 'Intel', 'LGA 1700', '2021-11-04', 125),
('Intel Core i9-12900KF', 'Intel', 'LGA 1700', '2021-11-04', 125),
('Intel Core i9-12900KS', 'Intel', 'LGA 1700', '2022-04-05', 150),
('Intel Core i9-12900T', 'Intel', 'LGA 1700', '2022-01-04', 35),
('Intel Core i9-12900TE', 'Intel', 'LGA 1700', '2022-01-04', 35),
('Intel Core i7-12700', 'Intel', 'LGA 1700', '2022-01-04', 65),
('Intel Core i7-12700E', 'Intel', 'LGA 1700', '2022-01-04', 65),
('Intel Core i7-12700F', 'Intel', 'LGA 1700', '2022-01-04', 65),
('Intel Core i7-12700K', 'Intel', 'LGA 1700', '2021-11-04', 125),
('Intel Core i7-12700KF', 'Intel', 'LGA 1700', '2021-11-04', 125),
('Intel Core i7-12700T', 'Intel', 'LGA 1700', '2022-01-04', 35),
('Intel Core i7-12700TE', 'Intel', 'LGA 1700', '2022-01-04', 35),
('Intel Core i5-13600K', 'Intel', 'LGA 1700', '2022-10-20', 125),
('Intel Core i5-13600KF', 'Intel', 'LGA 1700', '2022-10-20', 125),
('Intel Processor 300', 'Intel', 'LGA 1700', '2024-01-08', 46),
('Intel Core i9-14900', 'Intel', 'LGA 1700', '2024-01-09', 65),
('Intel Core i9-14900F', 'Intel', 'LGA 1700', '2024-01-09', 65),
('Intel Core i9-14900K', 'Intel', 'LGA 1700', '2023-10-17', 125),
('Intel Core i9-14900KF', 'Intel', 'LGA 1700', '2023-10-17', 125),
('Intel Core i9-14900KS', 'Intel', 'LGA 1700', '2024-01-09', 150),
('Intel Core i9-14900T', 'Intel', 'LGA 1700', '2024-01-09', 35),
('Intel Core i9-14901E', 'Intel', 'LGA 1700', '2024-01-09', 65),
('Intel Core i9-14901KE', 'Intel', 'LGA 1700', '2023-10-17', 125),
('Intel Core i9-14901TE', 'Intel', 'LGA 1700', '2024-01-09', 45),
('Intel Core i7-14700', 'Intel', 'LGA 1700', '2024-01-09', 65),
('Intel Core i7-14700F', 'Intel', 'LGA 1700', '2024-01-09', 65),
('Intel Core i7-14700K', 'Intel', 'LGA 1700', '2023-10-17', 125),
('Intel Core i7-14700KF', 'Intel', 'LGA 1700', '2023-10-17', 125),
('Intel Core i7-14700T', 'Intel', 'LGA 1700', '2024-01-09', 35),
('Intel Core i7-14701E', 'Intel', 'LGA 1700', '2024-01-09', 65),
('Intel Core i7-14701TE', 'Intel', 'LGA 1700', '2024-01-09', 45),
('Intel Core i5-14500', 'Intel', 'LGA 1700', '2024-01-01', 65),
('Intel Core i5-14500T', 'Intel', 'LGA 1700', '2024-01-01', 35),
('Intel Core i5-14600', 'Intel', 'LGA 1700', '2024-01-01', 65),
('Intel Core i5-14600K', 'Intel', 'LGA 1700', '2023-10-01', 125),
('Intel Core i5-14600KF', 'Intel', 'LGA 1700', '2023-10-01', 125),
('Intel Core i5-14600T', 'Intel', 'LGA 1700', '2024-01-01', 35),
('Intel Core i5-14400', 'Intel', 'LGA 1700', '2024-01-01', 65),
('Intel Core i5-14400F', 'Intel', 'LGA 1700', '2024-01-01', 65),
('Intel Core i5-14400T', 'Intel', 'LGA 1700', '2024-01-01', 35),
('Intel Core i5-14401E', 'Intel', 'LGA 1700', '2024-07-01', 65),
('Intel Core i5-14401EF', 'Intel', 'LGA 1700', '2024-07-01', 65),
('Intel Core i5-14401TE', 'Intel', 'LGA 1700', '2024-07-01', 45),
('Intel Core i5-14501E', 'Intel', 'LGA 1700', '2024-07-01', 65),
('Intel Core i5-14501TE', 'Intel', 'LGA 1700', '2024-07-01', 45),
('Intel Core i3-14100', 'Intel', 'LGA 1700', '2024-01-01', 60),
('Intel Core i3-14100F', 'Intel', 'LGA 1700', '2024-01-01', 58),
('Intel Core i3-14100T', 'Intel', 'LGA 1700', '2024-01-01', 35),
('Intel Core Ultra 9 Processor 285K 24C 24T 5.70 GHz', 'Intel', 'LGA 1851', '2024-10-01', 125), 
('Intel Core Ultra 9 Processor 285T 24C 24T 5.40 GHz', 'Intel', 'LGA 1851', '2025-01-01', 35), 
('Intel Core Ultra 9 Processor 285 24C 24T 5.60 GHz', 'Intel', 'LGA 1851', '2025-01-01', 65), 
('Intel Core Ultra 7 Processor 265K 20C 20T 5.50 GHz', 'Intel', 'LGA 1851', '2024-10-24', 125),
('Intel Core Ultra 7 Processor 265KF 20C 20T 5.50 GHz', 'Intel', 'LGA 1851', '2024-10-01', 125),
('Intel Core Ultra 7 Processor 265T 20C 20T 5.30 GHz', 'Intel', 'LGA 1851', '2025-01-01', 35),
('Intel Core Ultra 7 Processor 265F 20C 20T 5.30 GHz', 'Intel', 'LGA 1851', '2025-01-01', 65),
('Intel Core Ultra 7 Processor 265 20C 20T 5.30 GHz', 'Intel', 'LGA 1851', '2025-01-01', 65),
('Intel Core Ultra 5 Processor 245K 14C 14T 5.20 GHz', 'Intel', 'LGA 1851', '2024-10-01', 125),
('Intel Core Ultra 5 Processor 245KF 14C 14T 5.20 GHz', 'Intel', 'LGA 1851', '2024-10-24', 125),
('Intel Core Ultra 5 Processor 245T 14C 14T 5.10 GHz', 'Intel', 'LGA 1851', '2025-01-01', 35),
('Intel Core Ultra 5 Processor 245 14C 14T 5.10 GHz', 'Intel', 'LGA 1851', '2025-01-06', 65),
('Intel Core Ultra 5 Processor 235T 14C 14T 5.00 GHz', 'Intel', 'LGA 1851', '2025-01-07', 35),
('Intel Core Ultra 5 Processor 235 14C 14T 5.00 GHz', 'Intel', 'LGA 1851', '2025-01-01', 65),
('Intel Core Ultra 5 Processor 230F 10C 10T 5.00 GHz', 'Intel', 'LGA 1851', '2025-01-25', 65),
('Intel Core Ultra 5 Processor 225T 10C 10T 4.90 GHz', 'Intel', 'LGA 1851', '2025-01-01', 35),
-- PROCESSORI AMD --
('AMD Ryzen 9 3950X', 'AMD', 'AM4', '2019-11-25', 105),
('AMD Ryzen 9 3900', 'AMD', 'AM4', '2019-09-24', 65),
('AMD Ryzen 9 3900X', 'AMD', 'AM4', '2019-07-07', 105),
('AMD Ryzen 9 3900XT', 'AMD', 'AM4', '2020-07-07', 105),
('AMD Ryzen 9 PRO 3900', 'AMD', 'AM4', '2019-09-30', 65),
('AMD Ryzen 7 3700X', 'AMD', 'AM4', '2019-07-07', 65),
('AMD Ryzen 7 3800X', 'AMD', 'AM4', '2019-07-07', 105),
('AMD Ryzen 7 3800XT', 'AMD', 'AM4', '2020-07-07', 105),
('AMD Ryzen 5 3600', 'AMD', 'AM4', '2019-07-07', 65),
('AMD Ryzen 5 3600X', 'AMD', 'AM4', '2019-07-07', 95),
('AMD Ryzen 5 3600XT', 'AMD', 'AM4', '2020-07-07', 105),
('AMD Ryzen 5 3500', 'AMD', 'AM4', '2019-10-08', 65), 
('AMD Ryzen 5 3500X', 'AMD', 'AM4', '2019-09-24', 65),
('AMD Ryzen 3 3100', 'AMD', 'AM4', '2020-04-24', 65),
('AMD Ryzen 3 3300X', 'AMD', 'AM4', '2020-04-21', 65),
('AMD Ryzen 9 5900XT', 'AMD', 'AM4', '2024-07-01', 105),
('AMD Ryzen 9 5950X', 'AMD', 'AM4', '2020-11-05', 105),
('AMD Ryzen 9 5900', 'AMD', 'AM4', '2021-01-12', 65),
('AMD Ryzen 9 5900X', 'AMD', 'AM4', '2020-11-05', 105),
('AMD Ryzen 7 5700X', 'AMD', 'AM4', '2022-04-04', 65),
('AMD Ryzen 7 5700X3D', 'AMD', 'AM4', '2024-01-08', 105),
('AMD Ryzen 7 5800', 'AMD', 'AM4', '2021-01-12', 65),
('AMD Ryzen 7 5800X', 'AMD', 'AM4', '2020-11-05', 105),
('AMD Ryzen 7 5800X3D', 'AMD', 'AM4', '2022-04-20', 105),
('AMD Ryzen 7 5800XT', 'AMD', 'AM4', '2024-07-31', 105),
('AMD Ryzen 5 5500X3D', 'AMD', 'AM4', '2025-06-05', 105), 
('AMD Ryzen 5 5600', 'AMD', 'AM4', '2022-04-04', 65),
('AMD Ryzen 5 5600T', 'AMD', 'AM4', '2024-10-31', 65), 
('AMD Ryzen 5 5600X', 'AMD', 'AM4', '2020-11-05', 65),
('AMD Ryzen 5 5600X3D', 'AMD', 'AM4', '2023-07-07', 105), 
('AMD Ryzen 5 5600XT', 'AMD', 'AM4', '2024-10-01', 65), 
('AMD Ryzen 9 7950X', 'AMD', 'AM5', '2022-09-27', 170),
('AMD Ryzen 9 7950X3D', 'AMD', 'AM5', '2023-02-28', 120),
('AMD Ryzen 9 7900', 'AMD', 'AM5', '2023-01-10', 65),
('AMD Ryzen 9 7900X', 'AMD', 'AM5', '2022-09-27', 170),
('AMD Ryzen 9 7900X3D', 'AMD', 'AM5', '2023-02-28', 120),
('AMD Ryzen 9 PRO 7945', 'AMD', 'AM5', '2023-06-13', 65),
('AMD Ryzen 7 7700', 'AMD', 'AM5', '2023-01-10', 65),
('AMD Ryzen 7 7700X', 'AMD', 'AM5', '2022-09-27', 105),
('AMD Ryzen 7 7800X3D', 'AMD', 'AM5', '2023-04-06', 120), 
('AMD Ryzen 7 PRO 7745', 'AMD', 'AM5', '2023-06-13', 65),
('AMD Ryzen 5 7400F', 'AMD', 'AM5', '2025-01-09', 65), 
('AMD Ryzen 5 7500F', 'AMD', 'AM5', '2023-07-22', 65),
('AMD Ryzen 5 7600', 'AMD', 'AM5', '2023-01-10', 65),
('AMD Ryzen 5 7600X', 'AMD', 'AM5', '2022-09-27', 105),
('AMD Ryzen 5 7600X3D', 'AMD', 'AM5', '2024-08-30', 65), 
('AMD Ryzen 5 PRO 7645', 'AMD', 'AM5', '2023-06-13', 65),
('AMD Ryzen 9 9950X', 'AMD', 'AM5', '2024-07-31', 170),
('AMD Ryzen 9 9900X', 'AMD', 'AM5', '2024-07-31', 120), 
('AMD Ryzen 7 9700X', 'AMD', 'AM5', '2024-07-31', 65), 
('AMD Ryzen 5 9600X', 'AMD', 'AM5', '2024-07-31', 65), 
('AMD Ryzen 9 9950X3D', 'AMD', 'AM5', '2025-03-12', 170),
('AMD Ryzen 9 9900X3D', 'AMD', 'AM5', '2025-03-12', 120),
('AMD Ryzen 7 9800X3D', 'AMD', 'AM5', '2024-11-07', 120),
('AMD Ryzen 5 9600', 'AMD', 'AM5', '2025-01-28', 65), 
('AMD Ryzen 5 9600X3D', 'AMD', 'AM5', '2025-06-20', 65);


INSERT INTO scheda_madre (nomecompleto, marca, socket, dimensione, PCI, SupportoRam, Watt) VALUES
('Asus ROG Maximus Z790 HERO','Asus','LGA 1700','ATX',5.0,'DDR5',80),
('Asus ROG Strix X870E-E Gaming WiFi', 'Asus', 'AM5', 'ATX', '5.0', 'DDR5', 80),
('Asus ROG Crosshair X870E Hero', 'Asus', 'AM5', 'ATX', '5.0', 'DDR5', 80),
('Asus TUF Gaming X870-Plus WiFi', 'Asus', 'AM5', 'ATX', '5.0', 'DDR5', 80),
('MSI MPG X870E Carbon WiFi', 'MSI', 'AM5', 'ATX', '5.0', 'DDR5', 80),
('MSI PRO X870E-P WiFi', 'MSI', 'AM5', 'ATX', '5.0', 'DDR5', 80),
('Gigabyte X870E Aorus Master', 'Gigabyte', 'AM5', 'ATX', '5.0', 'DDR5', 80),
('Gigabyte X870E Aorus Pro', 'Gigabyte', 'AM5', 'ATX', '5.0', 'DDR5', 80),
('ASRock X870E Taichi', 'ASRock', 'AM5', 'E-ATX', '5.0', 'DDR5', 90),
('Asus ROG Strix X670E-F Gaming WiFi', 'Asus', 'AM5', 'ATX', '5.0', 'DDR5', 70),
('Asus ROG Strix B650-A Gaming WiFi', 'Asus', 'AM5', 'ATX', '4.0', 'DDR5', 60),
('GIGABYTE B650 Gaming X AX V2', 'Gigabyte', 'AM5', 'ATX', '4.0', 'DDR5', 60),
('GIGABYTE B650 Eagle AX', 'Gigabyte', 'AM5', 'ATX', '4.0', 'DDR5', 60),
('MSI X670E Gaming Plus WiFi', 'MSI', 'AM5', 'ATX', '5.0', 'DDR5', 70),
('MSI MAG X670E Tomahawk WiFi', 'MSI', 'AM5', 'ATX', '5.0', 'DDR5', 70),
('ASROCK B650E Taichi Lite', 'ASRock', 'AM5', 'E-ATX', '5.0', 'DDR5', 80),
('ASUS ROG Crosshair VIII Impact Gaming', 'Asus', 'AM4', 'Mini-DTX', '4.0', 'DDR4', 70), 
('ASUS ROG Strix B550-F Gaming WI-FI II', 'Asus', 'AM4', 'ATX', '4.0', 'DDR4', 60), 
('GIGABYTE B550 AORUS ELITE AX V2', 'Gigabyte', 'AM4', 'ATX', '4.0', 'DDR4', 60), 
('ASUS ROG Strix X570-E Gaming', 'Asus', 'AM4', 'ATX', '4.0', 'DDR4', 70),
('MSI MAG X570S TORPEDO MAX Gaming', 'MSI', 'AM4', 'ATX', '4.0', 'DDR4', 70),
('ASUS ROG STRIX B550-A Gaming', 'Asus', 'AM4', 'ATX', '4.0', 'DDR4', 60), 
('MSI MPG X570 Gaming Plus', 'MSI', 'AM4', 'ATX', '4.0', 'DDR4', 70), 
('MSI X570 Prestige Creation', 'MSI', 'AM4', 'E-ATX', '4.0', 'DDR4', 80), 
('MSI X570 Tomahawk WiFi', 'MSI', 'AM4', 'ATX', '4.0', 'DDR4', 70), 
('ASRock X570 Phantom Gaming 4', 'ASRock', 'AM4', 'ATX', '4.0', 'DDR4', 70), 
('Asus TUF Gaming B450M-Plus II', 'Asus', 'AM4', 'Micro-ATX', '3.0', 'DDR4', 50), 
('ASUS ROG STRIX X470-F Gaming', 'Asus', 'AM4', 'ATX', '3.0', 'DDR4', 60), 
('ASRock Fatal1ty X470 Gaming K4', 'ASRock', 'AM4', 'ATX', '3.0', 'DDR4', 60), 
('Gigabyte X470 Aorus Ultra Gaming', 'Gigabyte', 'AM4', 'ATX', '3.0', 'DDR4', 60), 
('MSI B450 Bazooka V2', 'MSI', 'AM4', 'Micro-ATX', '3.0', 'DDR4', 50),
('ASUS ROG Strix Z890-F Gaming WiFi', 'Asus', 'LGA 1851', 'ATX', '5.0', 'DDR5', 75),
('ASUS ROG Maximus Z890 Hero BTF', 'Asus', 'LGA 1851', 'ATX', '5.0', 'DDR5', 85),
('ASUS ROG Maximus Z890 Extreme', 'Asus', 'LGA 1851', 'E-ATX', '5.0', 'DDR5', 90),
('MSI MEG X870E GODLIKE', 'MSI', 'AM5', 'E-ATX', '5.0', 'DDR5', 95),
('MSI MAG X870E TOMAHAWK WIFI', 'MSI', 'AM5', 'ATX', '5.0', 'DDR5', 80);

use tecnotimedb;
INSERT INTO scheda_video(nomecompleto, marca, PCI, vram, tipoRam, Watt) VALUES

('ASUS ROG Strix GeForce RTX 5090 OC Edition','ASUS',5.0,32,'GDDR7',600),
('MSI GeForce RTX 5080 SUPRIM X','MSI',5.0,24,'GDDR7',450),
('GIGABYTE AORUS GeForce RTX 5070 Ti MASTER','GIGABYTE',5.0,16,'GDDR7',320),
('SAPPHIRE NITRO+ Radeon RX 8900 XTX','SAPPHIRE',5.0,32,'GDDR7',480),
('ASRock Aqua Radeon RX 8800 XT','ASRock',5.0,24,'GDDR7',350),
('ASUS TUF Gaming GeForce RTX 4090 OC Edition','ASUS',4.0,24,'GDDR6X',450),
('MSI GeForce RTX 4080 Super EXPERT 16G','MSI',4.0,16,'GDDR6X',320),
('GIGABYTE GeForce RTX 4070 Ti Super AORUS MASTER','GIGABYTE',4.0,16,'GDDR6X',285),
('ASUS Dual GeForce RTX 4070 Super OC Edition','ASUS',4.0,12,'GDDR6X',220),
('MSI GeForce RTX 4060 Ti GAMING X TRIO 8G','MSI',4.0,8,'GDDR6',160),
('GIGABYTE GeForce RTX 4060 EAGLE OC 8G','GIGABYTE',4.0,8,'GDDR6',115),
('ASUS Dual GeForce RTX 3050 OC Edition 6GB','ASUS',4.0,6,'GDDR6',70),
('MSI GeForce GTX 1650 D6 VENTUS XS OC','MSI',3.0,4,'GDDR6',75),
('GIGABYTE GeForce GTX 1630 OC 4G','GIGABYTE',3.0,4,'GDDR6',75),
('SAPPHIRE NITRO+ Radeon RX 7900 XTX VAPOR-X 24G','SAPPHIRE',4.0,24,'GDDR6',400),
('ASUS TUF Gaming Radeon RX 7900 XT OC Edition','ASUS',4.0,20,'GDDR6',300),
('GIGABYTE Radeon RX 7800 XT GAMING OC 16G','GIGABYTE',4.0,16,'GDDR6',263),
('ASRock Radeon RX 7700 XT Phantom Gaming OC','ASRock',4.0,12,'GDDR6',245),
('SAPPHIRE PULSE Radeon RX 7600 XT 16GB','SAPPHIRE',4.0,16,'GDDR6',190),
('ASUS Dual Radeon RX 7600 OC Edition','ASUS',4.0,8,'GDDR6',165),
('MSI Radeon RX 6750 XT GAMING X TRIO 12G','MSI',4.0,12,'GDDR6',250),
('GIGABYTE Radeon RX 6600 EAGLE 8G','GIGABYTE',4.0,8,'GDDR6',132),
('ASRock Radeon RX 6500 XT Phantom Gaming D 4GB OC','ASRock',4.0,4,'GDDR6',107),
('SAPPHIRE PULSE Radeon RX 6400 Low Profile','SAPPHIRE',4.0,4,'GDDR6',53),
('ASUS ROG Strix GeForce RTX 3060 OC Edition 12GB','ASUS',4.0,12,'GDDR6',170);


INSERT INTO ram(nomecompleto, marca, capacita, SupportoRam) VALUES
('Corsair Vengeance DDR5 32GB (2x16GB)','Corsair',32,'DDR5'),
('Corsair Vengeance LPX DDR4 3600MHz 2x8GB', 'Corsair', 16, 'DDR4'),
('Corsair Vengeance RGB PRO SL DDR4 3600MHz 2x16GB', 'Corsair', 32, 'DDR4'),
('Corsair Vengeance RGB PRO DDR4 3200MHz 2x8GB', 'Corsair', 16, 'DDR4'),
('G.Skill Ripjaws V DDR4 3600MHz 2x16GB', 'G.Skill', 32, 'DDR4'),
('G.Skill Ripjaws V DDR4 4000MHz 2x8GB', 'G.Skill', 16, 'DDR4'),
('G.Skill Ripjaws V DDR4 3200MHz 2x32GB', 'G.Skill', 64, 'DDR4'),
('Kingston FURY Beast DDR4 3200MHz 2x16GB', 'Kingston', 32, 'DDR4'),
('Kingston FURY Beast DDR4 3600MHz 2x8GB', 'Kingston', 16, 'DDR4'),
('Kingston FURY Renegade DDR4 4000MHz 2x16GB', 'Kingston', 32, 'DDR4'),
('Crucial Pro DDR4 3200MHz 2x16GB', 'Crucial', 32, 'DDR4'),
('Crucial Pro DDR4 3200MHz 2x8GB', 'Crucial', 16, 'DDR4'),
('Team T-Force Vulcan Z DDR4 3200MHz 2x16GB', 'Team', 32, 'DDR4'),
('Team T-Force Vulcan Z DDR4 3600MHz 2x8GB', 'Team', 16, 'DDR4'),
('Team T-Force Delta RGB DDR4 3600MHz 2x16GB', 'Team', 32, 'DDR4'),
('Patriot Viper Steel DDR4 4400MHz 2x8GB', 'Patriot', 16, 'DDR4'),
('Patriot Viper Steel DDR4 3600MHz 2x16GB', 'Patriot', 32, 'DDR4'),
('ADATA XPG Spectrix D50 DDR4 3600MHz 2x8GB', 'ADATA', 16, 'DDR4'),
('ADATA XPG Spectrix D60G DDR4 3200MHz 2x16GB', 'ADATA', 32, 'DDR4'),
('Silicon Power XPOWER Turbine DDR4 3200MHz 2x16GB', 'Silicon Power', 32, 'DDR4'),
('Corsair Dominator Titanium RGB DDR5 6600MHz CL32 2x16GB', 'Corsair', 32, 'DDR5'),
('Corsair Vengeance RGB DDR5 6400MHz CL32 2x16GB', 'Corsair', 32, 'DDR5'),
('G.Skill Trident Z5 RGB DDR5 7200MHz CL34 2x16GB', 'G.Skill', 32, 'DDR5'),
('Kingston FURY Renegade DDR5 7200MHz CL38 2x16GB', 'Kingston', 32, 'DDR5'),
('Team T-Force Xtreem DDR5 8000MHz CL38 2x24GB', 'Team', 48, 'DDR5'),
('ADATA XPG Lancer Blade RGB DDR5 6400MHz CL32 2x16GB', 'ADATA', 32, 'DDR5'),
('Patriot Viper Xtreme 5 DDR5 7600MHz CL36 2x16GB', 'Patriot', 32, 'DDR5'),
('Crucial Pro Overclocking DDR5 6000MHz CL36 2x16GB', 'Crucial', 32, 'DDR5'),
('G.Skill Trident Z5 RGB DDR5 6800MHz CL34 2x32GB', 'G.Skill', 64, 'DDR5'),
('Corsair Vengeance DDR5 6000MHz CL36 2x32GB (Versione non-RGB)', 'Corsair', 64, 'DDR5'),
('Corsair Vengeance DDR5 6000MHz CL30 2x16GB', 'Corsair', 32, 'DDR5'),
('G.Skill Trident Z5 Neo RGB DDR5 6000MHz CL30 2x16GB', 'G.Skill', 32, 'DDR5'),
('Kingston FURY Beast RGB DDR5 6000MHz CL32 2x16GB', 'Kingston', 32, 'DDR5'),
('Team T-Force Delta RGB DDR5 6000MHz CL30 2x16GB', 'Team', 32, 'DDR5'),
('ADATA XPG Lancer Blade RGB DDR5 6000MHz CL30 2x16GB', 'ADATA', 32, 'DDR5'),
('Corsair Dominator Platinum RGB DDR5 6000MHz CL30 2x16GB', 'Corsair', 32, 'DDR5'),
('G.Skill Flare X5 DDR5 6000MHz CL30 2x16GB (Design a basso profilo, senza RGB)', 'G.Skill', 32, 'DDR5'),
('Patriot Viper Xtreme 5 DDR5 7600MHz CL36 2x16GB (Per utenti esperti che puntano a overclock estremi)', 'Patriot', 32, 'DDR5'),
('Corsair Vengeance DDR5 6000MHz CL30 2x32GB', 'Corsair', 64, 'DDR5'),
('G.Skill Trident Z5 Neo DDR5 6000MHz CL32 2x32GB (Versione non-RGB)', 'G.Skill', 64, 'DDR5'),
('Kingston FURY Renegade DDR5 6400MHz CL32 2x16GB', 'Kingston', 32, 'DDR5'),
('G.Skill Trident Z Neo DDR4 3600MHz 2x16GB (Progettate specificamente per Ryzen)', 'G.Skill', 32, 'DDR4'),
('G.Skill Trident Z Neo DDR4 3600MHz 2x8GB', 'G.Skill', 16, 'DDR4'),
('G.Skill Ripjaws V DDR4 3600MHz 2x32GB', 'G.Skill', 64, 'DDR4'),
('Crucial Ballistix DDR4 3600MHz 2x8GB', 'Crucial', 16, 'DDR4'),
('Crucial Ballistix DDR4 3200MHz 2x16GB', 'Crucial', 32, 'DDR4'),
('Corsair Vengeance RGB PRO DDR4 3600MHz 2x16GB', 'Corsair', 32, 'DDR4'),
('Corsair Vengeance LPX DDR4 3600MHz 2x32GB', 'Corsair', 64, 'DDR4'),
('Kingston FURY Renegade DDR4 3600MHz 2x16GB', 'Kingston', 32, 'DDR4'),
('Team T-Force Dark Za DDR4 3600MHz 2x16GB (Modello ottimizzato per AMD)', 'Team', 32, 'DDR4'),
('Team T-Force Xtreem ARGB DDR4 4000MHz 2x8GB', 'Team', 16, 'DDR4'),
('Patriot Viper Steel DDR4 4000MHz 2x8GB', 'Patriot', 16, 'DDR4'),
('Patriot Viper Steel DDR4 3733MHz 2x16GB', 'Patriot', 32, 'DDR4'),
('ADATA XPG Spectrix D41 DDR4 3200MHz 2x16GB', 'ADATA', 32, 'DDR4'),
('ADATA XPG Gammix D10 DDR4 3200MHz 2x8GB', 'ADATA', 16, 'DDR4');

USE TECNOTIMEDB;
INSERT INTO _case(nomecompleto, dimensione) VALUES
('Cooler Master HAF 700 EVO', 'E-ATX'),
('Corsair iCUE 7000D AIRFLOW', 'E-ATX'),
('Lian Li O11D EVO XL', 'E-ATX'),
('Fractal Design Meshify 2 XL', 'E-ATX'),
('NZXT H9 Flow', 'ATX'),
('Lian Li O11 Dynamic EVO', 'ATX'), 
('Fractal Design Torrent', 'ATX'),
('Corsair 5000D AIRFLOW', 'ATX'),
('NZXT H7 Flow', 'ATX'),
('Lian Li Lancool III', 'ATX'),
('Fractal Design North Charcoal Black', 'ATX'),
('be quiet! Pure Base 500DX', 'ATX'),
('Cooler Master MasterBox TD500 Mesh V2', 'ATX'),
('Phanteks Eclipse G360A', 'ATX'),
('Corsair 4000D AIRFLOW', 'ATX'),
('Montech AIR 903 MAX', 'ATX'),
('ASUS Prime AP201', 'Micro-ATX'),
('Jonsbo D30 Black', 'Micro-ATX'),
('Cooler Master NR200P', 'Mini-ITX'),
('Fractal Design Ridge', 'Mini-ITX'); 

INSERT INTO alimentatori(nomecompleto, marca, watt) VALUES
('Corsair RM550x', 'Corsair', 500),
('be quiet! Pure Power 12 M 500W', 'be quiet!', 500),
('Seasonic Focus Plus Gold 550W', 'Seasonic', 500), 
('Cooler Master MWE Gold 550 V2 Full Modular', 'Cooler Master', 500), 
('Corsair RM750e', 'Corsair', 750),
('MSI MAG A750GL PCIE5', 'MSI', 750),
('EVGA SuperNOVA 750 G6', 'EVGA', 750),
('Seasonic FOCUS GX-750', 'Seasonic', 750),
('Corsair RM850x', 'Corsair', 850),
('be quiet! Pure Power 12 M 850W', 'be quiet!', 850),
('Cooler Master MWE Gold 850 V2 Full Modular', 'Cooler Master', 850),
('EVGA SuperNOVA 850 G6', 'EVGA', 850),
('Corsair RM1000e', 'Corsair', 1000),
('MSI MEG Ai1000P PCIE5', 'MSI', 1000),
('Seasonic PRIME TX-1000', 'Seasonic', 1000),
('be quiet! Dark Power 13 1000W', 'be quiet!', 1000),
('Corsair HX1200', 'Corsair', 1200),
('EVGA SuperNOVA 1200 P2', 'EVGA', 1200),
('Corsair HX1500i', 'Corsair', 1500),
('Seasonic PRIME TX-1500', 'Seasonic', 1500);


-- Inserimenti per la tabella Articolo
use tecnotimedb;
INSERT INTO Articolo (codiceIdentificativo, categoria, nome, dataUltimaPromozione, enteErogatore, disponibilita) VALUES
('CG23', 'Processori', 'Intel Core i9-13900K', '2025-07-17', 'Intel', TRUE),
('LO12', 'Processori', 'Intel Core i9-12900E', '2025-07-17', 'Intel', TRUE),
('XCG0', 'Processori', 'Intel Core i9-12900', '2025-07-17', 'Intel', TRUE),
('XO24', 'Processori', 'Intel Core i9-12900K', '2025-07-17', 'Intel', TRUE),
('XVQ3', 'Processori', 'Intel Core i9-12900KF', '2025-07-17', 'Intel', TRUE),
('CG245', 'Processori', 'Intel Core i9-12900KS', '2025-07-17', 'Intel', TRUE),
('SFGB13', 'Processori', 'Intel Core i9-12900T', '2025-07-17', 'Intel', TRUE),
('GTFS34', 'Processori', 'Intel Core i9-12900TE', '2025-07-17', 'Intel', TRUE),
('SLF134', 'Processori', 'Intel Core i7-12700', '2025-07-17', 'Intel', TRUE),
('SSF345', 'Processori', 'Intel Core i7-12700E', '2025-07-17', 'Intel', TRUE),
('LP456', 'Processori', 'Intel Core i7-12700F', '2025-07-17', 'Intel', TRUE),
('ZX134', 'Processori', 'Intel Core i7-12700K', '2025-07-17', 'Intel', TRUE),
('SFG45', 'Processori', 'Intel Core i7-12700KF', '2025-07-17', 'Intel', TRUE),
('ZCGG1', 'Processori', 'Intel Core i7-12700T', '2025-07-17', 'Intel', TRUE),
('ZFASX12', 'Processori', 'Intel Core i7-12700TE', '2025-07-17', 'Intel', TRUE),
('SX98Z', 'Processori', 'Intel Core i5-13600K', '2025-07-17', 'Intel', TRUE),
 ('KHVV32', 'Processori', 'Intel Core i5-13600KF', '2025-07-17', 'Intel', TRUE),
('KPO24', 'Processori', 'Intel Processor 300', '2025-07-17', 'Intel', TRUE),
('2D134', 'Processori', 'Intel Core i9-14900', '2025-07-17', 'Intel', TRUE),
('2FV14', 'Processori', 'Intel Core i9-14900F', '2025-07-17', 'Intel', TRUE),
('145VVCA', 'Processori', 'Intel Core i9-14900K', '2025-07-17', 'Intel', TRUE),
('GART24', 'Processori', 'Intel Core i9-14900KF', '2025-07-17', 'Intel', TRUE),
('FAL134', 'Processori', 'Intel Core i9-14900KS', '2025-07-17', 'Intel', TRUE),
('WGD134', 'Processori', 'Intel Core i9-14900T', '2025-07-17', 'Intel', TRUE),
('XVBMY13', 'Processori', 'Intel Core i9-14901E', '2025-07-17', 'Intel', TRUE),
('GHJN13456', 'Processori', 'Intel Core i9-14901KE', '2025-07-17', 'Intel', TRUE),
('PVGHM467', 'Processori', 'Intel Core i9-14901TE', '2025-07-17', 'Intel', TRUE),
('DGO246', 'Processori', 'Intel Core i7-14700', '2025-07-17', 'Intel', TRUE),
('ASXCVV13445', 'Processori', 'Intel Core i7-14700F', '2025-07-17', 'Intel', TRUE),
('FNGNFR98', 'Processori', 'Intel Core i7-14700K', '2025-07-17', 'Intel', TRUE),
('24RFSCD', 'Processori', 'Intel Core i7-14700KF', '2025-07-17', 'Intel', TRUE),
('SAC1355', 'Processori', 'Intel Core i7-14700T', '2025-07-17', 'Intel', TRUE),
('SAXVBFS345', 'Processori', 'Intel Core i7-14701E', '2025-07-17', 'Intel', TRUE),
('SZXLVK1355', 'Processori', 'Intel Core i7-14701TE', '2025-07-17', 'Intel', TRUE),
('SVCMFSDFA234', 'Processori', 'Intel Core i5-14500', '2025-07-17', 'Intel', TRUE),
('SSAFG5436', 'Processori', 'Intel Core i5-14500T', '2025-07-17', 'Intel', TRUE),
('PIJASND2346', 'Processori', 'Intel Core i5-14600', '2025-07-17', 'Intel', TRUE),
('PCVSD2345', 'Processori', 'Intel Core i5-14600K', '2025-07-17', 'Intel', TRUE),
('ADVV64134', 'Processori', 'Intel Core i5-14600KF', '2025-07-17', 'Intel', TRUE),
('CPGLKK2456', 'Processori', 'Intel Core i5-14600T', '2025-07-17', 'Intel', TRUE),
 ('CAXVSB2345', 'Processori', 'Intel Core i5-14400', '2025-07-17', 'Intel', TRUE),
 ('ADGVBS256', 'Processori', 'Intel Core i5-14400F', '2025-07-17', 'Intel', TRUE),
('ERFTYSFW4', 'Processori', 'Intel Core i5-14400T', '2025-07-17', 'Intel', TRUE),
('ADFGD24678', 'Processori', 'Intel Core i5-14401E', '2025-07-17', 'Intel', TRUE),
('67899HGVDX', 'Processori', 'Intel Core i5-14401EF', '2025-07-17', 'Intel', TRUE),
('234DCXSSAX', 'Processori', 'Intel Core i5-14401TE', '2025-07-17', 'Intel', TRUE),
('24TGVFDE', 'Processori', 'Intel Core i5-14501E', '2025-07-17', 'Intel', TRUE),
('ASFL3DF4', 'Processori', 'Intel Core i5-14501TE', '2025-07-17', 'Intel', TRUE),
 ('FGT356', 'Processori', 'Intel Core i3-14100', '2025-07-17', 'Intel', TRUE),
 ('FSFSVG345', 'Processori', 'Intel Core i3-14100F', '2025-07-17', 'Intel', TRUE),
 ('FSASDSVG7899', 'Processori', 'Intel Core i3-14100T', '2025-07-17', 'Intel', TRUE),
('FSXCAFD2456', 'Processori', 'Intel Core Ultra 9 Processor 285K 24C 24T 5.70 GHz', '2025-07-17', 'Intel', TRUE),
 ('FXVADV12434', 'Processori', 'Intel Core Ultra 9 Processor 285T 24C 24T 5.40 GHz', '2025-07-17', 'Intel', TRUE),
 ('FZCVZV1234', 'Processori', 'Intel Core Ultra 9 Processor 285 24C 24T 5.60 GHz', '2025-07-17', 'Intel', TRUE),
('FXZVZWTG2345', 'Processori', 'Intel Core Ultra 7 Processor 265K 20C 20T 5.50 GHz', '2025-07-17', 'Intel', TRUE),
('FXCVSDV6554', 'Processori', 'Intel Core Ultra 7 Processor 265KF 20C 20T 5.50 GHz', '2025-07-17', 'Intel', TRUE),
('FBBDDHSGS256', 'Processori', 'Intel Core Ultra 7 Processor 265T 20C 20T 5.30 GHz', '2025-07-17', 'Intel', TRUE);


use tecnotimedb; -- PROCESSORI AMD--
INSERT INTO Articolo (codiceIdentificativo, categoria, nome, dataUltimaPromozione, enteErogatore, disponibilita) VALUES
('AXC1N8D4', 'Processori', 'AMD Ryzen 9 3950X', '2025-07-17', 'AMD', TRUE),
('B3G9P2J7', 'Processori', 'AMD Ryzen 9 3900', '2025-07-17', 'AMD', TRUE),
('C5L6R0K1', 'Processori', 'AMD Ryzen 9 3900X', '2025-07-17', 'AMD', TRUE),
('D2S0W4H6', 'Processori', 'AMD Ryzen 9 3900XT', '2025-07-17', 'AMD', TRUE),
('E8V1F7M3', 'Processori', 'AMD Ryzen 9 PRO 3900', '2025-07-17', 'AMD', TRUE),
('F0Q4Z9X2', 'Processori', 'AMD Ryzen 7 3700X', '2025-07-17', 'AMD', TRUE),
('G7J5U3I0', 'Processori', 'AMD Ryzen 7 3800X', '2025-07-17', 'AMD', TRUE),
('H1Y8T6P4', 'Processori', 'AMD Ryzen 7 3800XT', '2025-07-17', 'AMD', TRUE),
('I9O2A5S8', 'Processori', 'AMD Ryzen 5 3600', '2025-07-17', 'AMD', TRUE),
('J4K0L3D7', 'Processori', 'AMD Ryzen 5 3600X', '2025-07-17', 'AMD', TRUE),
('K6M1N9B5', 'Processori', 'AMD Ryzen 5 3600XT', '2025-07-17', 'AMD', TRUE),
('L0P8Q2W4', 'Processori', 'AMD Ryzen 5 3500', '2025-07-17', 'AMD', TRUE),
('M3N7C1X5', 'Processori', 'AMD Ryzen 5 3500X', '2025-07-17', 'AMD', TRUE),
('N5R9E0V2', 'Processori', 'AMD Ryzen 3 3100', '2025-07-17', 'AMD', TRUE),
('P2S6T8U0', 'Processori', 'AMD Ryzen 3 3300X', '2025-07-17', 'AMD', TRUE),
('Q4F1H3J7', 'Processori', 'AMD Ryzen 9 5900XT', '2025-07-17', 'AMD', TRUE),
('R8D5G0K9', 'Processori', 'AMD Ryzen 9 5950X', '2025-07-17', 'AMD', TRUE),
('S0A7C2B4', 'Processori', 'AMD Ryzen 9 5900', '2025-07-17', 'AMD', TRUE),
('T6U1V9W3', 'Processori', 'AMD Ryzen 9 5900X', '2025-07-17', 'AMD', TRUE),
('U2X5Y8Z1', 'Processori', 'AMD Ryzen 7 5700X', '2025-07-17', 'AMD', TRUE),
('V7B0N4M6', 'Processori', 'AMD Ryzen 7 5700X3D', '2025-07-17', 'AMD', TRUE),
('W1C9D5E7', 'Processori', 'AMD Ryzen 7 5800', '2025-07-17', 'AMD', TRUE),
('X3F8G2H0', 'Processori', 'AMD Ryzen 7 5800X', '2025-07-17', 'AMD', TRUE),
('Y5J7K1L4', 'Processori', 'AMD Ryzen 7 5800X3D', '2025-07-17', 'AMD', TRUE),
('Z9M2N6P8', 'Processori', 'AMD Ryzen 7 5800XT', '2025-07-17', 'AMD', TRUE),
('A0Q3R1S5', 'Processori', 'AMD Ryzen 5 5500X3D', '2025-07-17', 'AMD', TRUE),
('B6T8U2V0', 'Processori', 'AMD Ryzen 5 5600', '2025-07-17', 'AMD', TRUE),
('C2W4X9Y1', 'Processori', 'AMD Ryzen 5 5600T', '2025-07-17', 'AMD', TRUE),
('D7Z3A8B5', 'Processori', 'AMD Ryzen 5 5600X', '2025-07-17', 'AMD', TRUE),
('E1C5D9F3', 'Processori', 'AMD Ryzen 5 5600X3D', '2025-07-17', 'AMD', TRUE),
('F4G0H6I2', 'Processori', 'AMD Ryzen 5 5600XT', '2025-07-17', 'AMD', TRUE),
('G8J3K7L1', 'Processori', 'AMD Ryzen 9 7950X', '2025-07-17', 'AMD', TRUE),
('H0M5N9P4', 'Processori', 'AMD Ryzen 9 7950X3D', '2025-07-17', 'AMD', TRUE),
('I6Q2R8S0', 'Processori', 'AMD Ryzen 9 7900', '2025-07-17', 'AMD', TRUE),
('J1T7U3V5', 'Processori', 'AMD Ryzen 9 7900X', '2025-07-17', 'AMD', TRUE),
('K9W4X0Y2', 'Processori', 'AMD Ryzen 9 7900X3D', '2025-07-17', 'AMD', TRUE),
('L5Z1A6B8', 'Processori', 'AMD Ryzen 9 PRO 7945', '2025-07-17', 'AMD', TRUE),
('M2C7D3E9', 'Processori', 'AMD Ryzen 7 7700', '2025-07-17', 'AMD', TRUE),
('N4F8G0H1', 'Processori', 'AMD Ryzen 7 7700X', '2025-07-17', 'AMD', TRUE),
('P0I6J2K4', 'Processori', 'AMD Ryzen 7 7800X3D', '2025-07-17', 'AMD', TRUE),
('Q7L1M5N9', 'Processori', 'AMD Ryzen 7 PRO 7745', '2025-07-17', 'AMD', TRUE),
('R3O8P2Q0', 'Processori', 'AMD Ryzen 5 7400F', '2025-07-17', 'AMD', TRUE),
('S9R4T6U2', 'Processori', 'AMD Ryzen 5 7500F', '2025-07-17', 'AMD', TRUE),
('T1V0W5X7', 'Processori', 'AMD Ryzen 5 7600', '2025-07-17', 'AMD', TRUE),
('U8Y3Z9A1', 'Processori', 'AMD Ryzen 5 7600X', '2025-07-17', 'AMD', TRUE),
('V0B2C6D4', 'Processori', 'AMD Ryzen 5 7600X3D', '2025-07-17', 'AMD', TRUE),
('W5E9F3G7', 'Processori', 'AMD Ryzen 5 PRO 7645', '2025-07-17', 'AMD', TRUE),
('X1H4I8J0', 'Processori', 'AMD Ryzen 9 9950X', '2025-07-17', 'AMD', TRUE),
('Y6K2L7M3', 'Processori', 'AMD Ryzen 9 9900X', '2025-07-17', 'AMD', TRUE),
('Z0N5P9Q1', 'Processori', 'AMD Ryzen 7 9700X', '2025-07-17', 'AMD', TRUE),
('A7R3S0T4', 'Processori', 'AMD Ryzen 5 9600X', '2025-07-17', 'AMD', TRUE),
('B1U8V2W6', 'Processori', 'AMD Ryzen 9 9950X3D', '2025-07-17', 'AMD', TRUE),
('C5X0Y4Z8', 'Processori', 'AMD Ryzen 9 9900X3D', '2025-07-17', 'AMD', TRUE),
('D2A9B3C7', 'Processori', 'AMD Ryzen 7 9800X3D', '2025-07-17', 'AMD', TRUE),
('E4D1F5G9', 'Processori', 'AMD Ryzen 5 9600', '2025-07-17', 'AMD', TRUE),
('F0H6I2J4', 'Processori', 'AMD Ryzen 5 9600X3D', '2025-07-17', 'AMD', TRUE);

 INSERT INTO prodotto_fisico(seriale, prezzo, descrizione, isPreassemblato, quantitaMagazzino, codiceIdentificativo) VALUES
('SN2025AMD001', 399.00, 'AMD Ryzen 9 3950X - High-performance desktop processor.', FALSE, 50, 'AXC1N8D4'),
('SN2025AMD002', 320.00, 'AMD Ryzen 9 3900 - High-performance desktop processor.', FALSE, 50, 'B3G9P2J7'),
('SN2025AMD003', 200.00, 'AMD Ryzen 9 3900X - High-performance desktop processor.', FALSE, 50, 'C5L6R0K1'),
('SN2025AMD004', 250.00, 'AMD Ryzen 9 3900XT - High-performance desktop processor with higher clock speeds.', FALSE, 50, 'D2S0W4H6'),
('SN2025AMD005', 350.00, 'AMD Ryzen 9 PRO 3900 - Professional-grade desktop processor.', FALSE, 50, 'E8V1F7M3'),
('SN2025AMD006', 120.00, 'AMD Ryzen 7 3700X - Mainstream desktop processor.', FALSE, 50, 'F0Q4Z9X2'),
('SN2025AMD007', 150.00, 'AMD Ryzen 7 3800X - High-performance mainstream desktop processor.', FALSE, 50, 'G7J5U3I0'),
('SN2025AMD008', 170.00, 'AMD Ryzen 7 3800XT - High-performance mainstream desktop processor with higher clock speeds.', FALSE, 50, 'H1Y8T6P4'),
('SN2025AMD009', 50.00, 'AMD Ryzen 5 3600 - Mid-range desktop processor.', FALSE, 50, 'I9O2A5S8'),
('SN2025AMD010', 100.00, 'AMD Ryzen 5 3600X - Mid-range desktop processor with higher clock speeds.', FALSE, 50, 'J4K0L3D7'),
('SN2025AMD011', 120.00, 'AMD Ryzen 5 3600XT - Mid-range desktop processor with optimized clock speeds.', FALSE, 50, 'K6M1N9B5'),
('SN2025AMD012', 80.00, 'AMD Ryzen 5 3500 - Budget-friendly desktop processor.', FALSE, 50, 'L0P8Q2W4'),
('SN2025AMD013', 75.00, 'AMD Ryzen 5 3500X - Budget-friendly desktop processor with higher clock speeds.', FALSE, 50, 'M3N7C1X5'),
('SN2025AMD014', 90.00, 'AMD Ryzen 3 3100 - Entry-level desktop processor.', FALSE, 50, 'N5R9E0V2'),
('SN2025AMD015', 110.00, 'AMD Ryzen 3 3300X - Entry-level desktop processor with higher clock speeds.', FALSE, 50, 'P2S6T8U0'),
('SN2025AMD016', 390.00, 'AMD Ryzen 9 5900XT - High-performance desktop processor.', FALSE, 50, 'Q4F1H3J7'),
('SN2025AMD017', 499.00, 'AMD Ryzen 9 5950X - Extreme performance desktop processor.', FALSE, 50, 'R8D5G0K9'),
('SN2025AMD018', 350.00, 'AMD Ryzen 9 5900 - High-performance desktop processor.', FALSE, 50, 'S0A7C2B4'),
('SN2025AMD019', 290.00, 'AMD Ryzen 9 5900X - High-performance desktop processor for gaming and content creation.', FALSE, 50, 'T6U1V9W3'),
('SN2025AMD020', 170.00, 'AMD Ryzen 7 5700X - Mainstream desktop processor with good multi-core performance.', FALSE, 50, 'U2X5Y8Z1'),
('SN2025AMD021', 190.00, 'AMD Ryzen 7 5700X3D - Gaming processor with 3D V-Cache.', FALSE, 50, 'V7B0N4M6'),
('SN2025AMD022', 180.00, 'AMD Ryzen 7 5800 - Mainstream desktop processor.', FALSE, 50, 'W1C9D5E7'),
('SN2025AMD023', 120.00, 'AMD Ryzen 7 5800X - High-performance desktop processor for gaming and productivity.', FALSE, 50, 'X3F8G2H0'),
('SN2025AMD024', 300.00, 'AMD Ryzen 7 5800X3D - Elite gaming processor with 3D V-Cache.', FALSE, 50, 'Y5J7K1L4'),
('SN2025AMD025', 230.00, 'AMD Ryzen 7 5800XT - High-performance desktop processor with enhanced clock speeds.', FALSE, 50, 'Z9M2N6P8'),
('SN2025AMD026', 220.00, 'AMD Ryzen 5 5500X3D - Mid-range gaming processor with 3D V-Cache.', FALSE, 50, 'A0Q3R1S5'),
('SN2025AMD027', 75.00, 'AMD Ryzen 5 5600 - Solid mid-range desktop processor.', FALSE, 50, 'B6T8U2V0'),
('SN2025AMD028', 150.00, 'AMD Ryzen 5 5600T - Power-efficient mid-range desktop processor.', FALSE, 50, 'C2W4X9Y1'),
('SN2025AMD029', 110.00, 'AMD Ryzen 5 5600X - Popular mid-range desktop processor for gaming.', FALSE, 50, 'D7Z3A8B5'),
('SN2025AMD030', 180.00, 'AMD Ryzen 5 5600X3D - Mid-range gaming processor with 3D V-Cache for enhanced performance.', FALSE, 50, 'E1C5D9F3'),
('SN2025AMD031', 100.00, 'AMD Ryzen 5 5600XT - Mid-range desktop processor with boosted clock speeds.', FALSE, 50, 'F4G0H6I2'),
('SN2025AMD032', 450.00, 'AMD Ryzen 9 7950X - Flagship Zen 4 desktop processor for extreme performance.', FALSE, 50, 'G8J3K7L1'),
('SN2025AMD033', 550.00, 'AMD Ryzen 9 7950X3D - Top-tier gaming and productivity processor with 3D V-Cache.', FALSE, 50, 'H0M5N9P4'),
('SN2025AMD034', 380.00, 'AMD Ryzen 9 7900 - High-performance Zen 4 desktop processor.', FALSE, 50, 'I6Q2R8S0'),
('SN2025AMD035', 400.00, 'AMD Ryzen 9 7900X - High-performance Zen 4 desktop processor with higher boost clocks.', FALSE, 50, 'J1T7U3V5'),
('SN2025AMD036', 450.00, 'AMD Ryzen 9 7900X3D - High-end Zen 4 gaming processor with 3D V-Cache.', FALSE, 50, 'K9W4X0Y2'),
('SN2025AMD037', 500.00, 'AMD Ryzen 9 PRO 7945 - Professional-grade Zen 4 desktop processor.', FALSE, 50, 'L5Z1A6B8'),
('SN2025AMD038', 180.00, 'AMD Ryzen 7 7700 - Mainstream Zen 4 desktop processor.', FALSE, 50, 'M2C7D3E9'),
('SN2025AMD039', 220.00, 'AMD Ryzen 7 7700X - High-performance Zen 4 desktop processor.', FALSE, 50, 'N4F8G0H1'),
('SN2025AMD040', 300.00, 'AMD Ryzen 7 7800X3D - Best gaming processor for Zen 4.', FALSE, 50, 'P0I6J2K4'),
('SN2025AMD041', 320.00, 'AMD Ryzen 7 PRO 7745 - Professional-grade Zen 4 desktop processor.', FALSE, 50, 'Q7L1M5N9'),
('SN2025AMD042', 150.00, 'AMD Ryzen 5 7400F - Entry-level Zen 4 desktop processor without integrated graphics.', FALSE, 50, 'R3O8P2Q0'),
('SN2025AMD043', 110.00, 'AMD Ryzen 5 7500F - Mainstream Zen 4 desktop processor without integrated graphics.', FALSE, 50, 'S9R4T6U2'),
('SN2025AMD044', 130.00, 'AMD Ryzen 5 7600 - Mid-range Zen 4 desktop processor.', FALSE, 50, 'T1V0W5X7'),
('SN2025AMD045', 150.00, 'AMD Ryzen 5 7600X - Mid-range Zen 4 desktop processor with higher clock speeds.', FALSE, 50, 'U8Y3Z9A1'),
('SN2025AMD046', 300.00, 'AMD Ryzen 5 7600X3D - Mid-range gaming processor with 3D V-Cache.', FALSE, 50, 'V0B2C6D4'),
('SN2025AMD047', 240.00, 'AMD Ryzen 5 PRO 7645 - Professional-grade Zen 4 desktop processor.', FALSE, 50, 'W5E9F3G7'),
('SN2025AMD048', 950.00, 'AMD Ryzen 9 9950X - Next-gen flagship processor for ultimate performance.', FALSE, 50, 'X1H4I8J0'),
('SN2025AMD049', 850.00, 'AMD Ryzen 9 9900X - Next-gen high-performance processor.', FALSE, 50, 'Y6K2L7M3'),
('SN2025AMD050', 600.00, 'AMD Ryzen 7 9700X - Next-gen mainstream high-performance processor.', FALSE, 50, 'Z0N5P9Q1'),
('SN2025AMD051', 350.00, 'AMD Ryzen 5 9600X - Next-gen mid-range high-performance processor.', FALSE, 50, 'A7R3S0T4'),
('SN2025AMD052', 1050.00, 'AMD Ryzen 9 9950X3D - Next-gen gaming flagship with 3D V-Cache.', FALSE, 50, 'B1U8V2W6'),
('SN2025AMD053', 900.00, 'AMD Ryzen 9 9900X3D - Next-gen high-end gaming processor with 3D V-Cache.', FALSE, 50, 'C5X0Y4Z8'),
('SN2025AMD054', 680.00, 'AMD Ryzen 7 9800X3D - Next-gen high-end gaming processor with 3D V-Cache.', FALSE, 50, 'D2A9B3C7'),
('SN2025AMD055', 300.00, 'AMD Ryzen 5 9600 - Next-gen mid-range desktop processor.', FALSE, 50, 'E4D1F5G9'),
('SN2025AMD056', 380.00, 'AMD Ryzen 5 9600X3D - Next-gen mid-range gaming processor with 3D V-Cache.', FALSE, 50, 'F0H6I2J4');
 
 

SELECT * FROM tecnotimedb.prodotto_fisico;


-- Inserimenti per la tabella prodotto_fisico

INSERT INTO prodotto_fisico(seriale, prezzo, descrizione, isPreassemblato, quantitaMagazzino, codiceIdentificativo) VALUES
('20240101BK0037', 549.99, 'High-performance desktop processor.', FALSE, 50, 'CG23'),
('20220904AA0001', 480.00, 'Embedded desktop processor.', FALSE, 50, 'LO12'),
('20220104AB0002', 399.00, 'High-performance desktop processor.', FALSE, 50, 'XCG0'),
('20211104AC0003', 379.00, 'High-performance unlocked desktop processor.', FALSE, 50, 'XO24'),
('20211104AD0004', 360.00, 'High-performance unlocked desktop processor without integrated graphics.', FALSE, 50, 'XVQ3'),
('20211104AE0005', 699.00, 'Special edition high-performance unlocked desktop processor.', FALSE, 50, 'CG245'),
('20220405AF0006', 450.00, 'Power-efficient desktop processor.', FALSE, 50, 'SFGB13'),
('20220104AG0007', 460.00, 'Embedded power-efficient desktop processor.', FALSE, 50, 'GTFS34'),
('20220104AH0008', 279.00, 'Mainstream desktop processor.', FALSE, 50, 'SLF134'),
('20220104AI0009', 285.00, 'Embedded mainstream desktop processor.', FALSE, 50, 'SSF345'),
('20220104AJ0010', 265.00, 'Mainstream desktop processor without integrated graphics.', FALSE, 50, 'LP456'),
('20220104AK0011', 290.00, 'High-performance unlocked desktop processor.', FALSE, 50, 'ZX134'),
('20211104AL0012', 280.00, 'High-performance unlocked desktop processor without integrated graphics.', FALSE, 50, 'SFG45'),
('20211104AM0013', 250.00, 'Power-efficient desktop processor.', FALSE, 50, 'ZCGG1'),
('20220104AN0014', 260.00, 'Embedded power-efficient desktop processor.', FALSE, 50, 'ZFASX12'),
 ('20220104AO0015', 289.00, 'High-performance unlocked desktop processor.', FALSE, 50, 'SX98Z'),
 ('20221020AP0016', 270.00, 'High-performance unlocked desktop processor without integrated graphics.', FALSE, 50, 'KHVV32'),
('20221020AQ0017', 85.00, 'Entry-level desktop processor.', FALSE, 50, 'KPO24'),
('20240108AR0018', 589.00, 'High-performance desktop processor.', FALSE, 50, '2D134'),
('20240109AS0019', 569.00, 'High-performance desktop processor without integrated graphics.', FALSE, 50, '2FV14'),
('20240109AT0020', 579.00, 'High-performance unlocked desktop processor.', FALSE, 50, '145VVCA');

-- Inserimenti aggiuntivi per la tabella prodotto_fisico

INSERT INTO prodotto_fisico(seriale, prezzo, descrizione, isPreassemblato, quantitaMagazzino, codiceIdentificativo) VALUES
('20231017AU0021', 559.00, 'High-performance unlocked desktop processor without integrated graphics.', FALSE, 50, 'GART24'),
('20231017AV0022', 729.00, 'Special edition high-performance unlocked desktop processor.', FALSE, 50, 'FAL134'),
('20240109AW0023', 530.00, 'Power-efficient desktop processor.', FALSE, 50, 'WGD134'),
('20240109AX0024', 599.00, 'Embedded high-performance desktop processor.', FALSE, 50, 'XVBMY13'),
('20240109AY0025', 620.00, 'Embedded high-performance unlocked desktop processor.', FALSE, 50, 'GHJN13456'),
('20231017AZ0026', 540.00, 'Embedded power-efficient desktop processor.', FALSE, 50, 'PVGHM467'),
('20240109BA0027', 399.00, 'Mainstream desktop processor.', FALSE, 50, 'DGO246'),
('20240109BB0028', 379.00, 'Mainstream desktop processor without integrated graphics.', FALSE, 50, 'ASXCVV13445'),
('20240109BC0029', 399.00, 'High-performance unlocked desktop processor.', FALSE, 50, 'FNGNFR98'),
('20231017BD0030', 379.00, 'High-performance unlocked desktop processor without integrated graphics.', FALSE, 50, '24RFSCD'),
('20231017BE0031', 350.00, 'Power-efficient desktop processor.', FALSE, 50, 'SAC1355'),
('20240109BF0032', 410.00, 'Embedded mainstream desktop processor.', FALSE, 50, 'SAXVBFS345'),
('20240109BG0033', 360.00, 'Embedded power-efficient desktop processor.', FALSE, 50, 'SZXLVK1355'),
('20240109BH0034', 239.00, 'Mid-range desktop processor.', FALSE, 50, 'SVCMFSDFA234'),
('20240101BI0035', 220.00, 'Power-efficient mid-range desktop processor.', FALSE, 50, 'SSAFG5436'),
('20240101BJ0036', 269.00, 'High-end mid-range desktop processor.', FALSE, 50, 'PIJASND2346'),
('20240101BL0038', 319.00, 'High-end unlocked mid-range desktop processor.', FALSE, 50, 'PCVSD2345'),
('20240101BM0039', 300.00, 'High-end unlocked mid-range desktop processor without integrated graphics.', FALSE, 50, 'ADVV64134'),
('20240101BN0040', 250.00, 'Power-efficient high-end mid-range desktop processor.', FALSE, 50, 'CPGLKK2456'),
('20240101BO0041', 209.00, 'Mainstream mid-range desktop processor.', FALSE, 50, 'CAXVSB2345'),
('20220104BP0042', 189.00, 'Mainstream mid-range desktop processor without integrated graphics.', FALSE, 50, 'ADGVBS256'),
 ('20220104BQ0043', 195.00, 'Power-efficient mainstream mid-range desktop processor.', FALSE, 50, 'ERFTYSFW4'),
-- ('20230103CH0060', 309.00, 'Mid-range unlocked desktop processor for Processori.', FALSE, 50, 'SAFF12XCG'),
-- ('20230103CI0061', 290.00, 'Mid-range unlocked desktop processor for Processori without integrated graphics.', FALSE, 50, 'ASVATY877'),
-- ('20230103CJ0062', 280.00, 'Power-efficient mid-range desktop processor for Processori.', FALSE, 50, 'ASCVBHYT8765'),
-- ('20230103CK0063', 295.00, 'Mid-range desktop processor for Processori.', FALSE, 50, 'ASCAVHLKF909877'),
-- ('20221020CL0064', 270.00, 'Power-efficient mid-range desktop processor for Processori.', FALSE, 50, 'UNKNOWN_CODE_CL0064'), -- CodiceIdentificativo aggiunto
-- ('20221020CM0065', 285.00, 'Mid-range desktop processor for Processori.', FALSE, 50, 'UNKNOWN_CODE_CM0065'), -- CodiceIdentificativo aggiunto
-- ('20221020CN0066', 260.00, 'Mid-range desktop processor for Processori without integrated graphics.', FALSE, 50, 'A7B2'),
-- CONSTRAINT ('20221020CO0067', 250.00, 'Power-efficient mid-range desktop processor for Processori.', FALSE, 50, 'C9D5');
-- ('20220104BR0044', 215.00, 'Embedded mainstream mid-range desktop processor.', FALSE, 50, 'ADFGD24678'),
-- ('20220104BS0045', 205.00, 'Embedded mainstream mid-range desktop processor without integrated graphics.', FALSE, 50, '67899HGVDX'),
-- ('20220104BT0046', 190.00, 'Embedded power-efficient mainstream mid-range desktop processor.', FALSE, 50, '234DCXSSAX'),
-- ('20220104BU0047', 245.00, 'Embedded mid-range desktop processor.', FALSE, 50, '24TGVFDE'),
-- ('20211104BV0048', 230.00, 'Embedded power-efficient mid-range desktop processor.', FALSE, 50, 'ASFL3DF4'),
--  BUONO ('20211104BW0049', 149.00, 'Entry-level desktop processor.', FALSE, 50, 'FGT356'),
('20220104BX0050', 129.00, 'Entry-level desktop processor without integrated graphics.', FALSE, 50, 'FSFSVG345'),
 ('20220104BY0051', 140.00, 'Power-efficient entry-level desktop processor.', FALSE, 50, 'FSASDSVG7899'),
 ('20220104BZ0052', 649.00, 'High-performance unlocked desktop processor for Processori.', FALSE, 50, 'FSXCAFD2456'),
 ('20220104CA0053', 600.00, 'Power-efficient high-performance desktop processor for Processori.', FALSE, 50, 'FXVADV12434'),
 ('20220104CB0054', 620.00, 'High-performance desktop processor for Processori.', FALSE, 50, 'FZCVZV1234'),
 ('20220104CC0055', 489.00, 'High-performance unlocked desktop processor for Processori.', FALSE, 50, 'FXZVZWTG2345'),
 ('20230103CD0056', 469.00, 'High-performance unlocked desktop processor for Processori without integrated graphics.', FALSE, 50, 'FXCVSDV6554'),
 ('20230103CE0057', 450.00, 'Power-efficient high-performance desktop processor for Processori.', FALSE, 50, 'FBBDDHSGS256'),
 ('20230103CF0058', 430.00, 'High-performance desktop processor for Processori without integrated graphics.', FALSE, 50, 'XDVHRR87766'),
 ('20230103CG0059', 440.00, 'High-performance desktop processor for Processori.', FALSE, 50, 'ASADGFGD8765');




-- SCHEDE MADRI --
USE TECNOTIMEDB;
INSERT INTO Articolo (codiceIdentificativo, categoria, nome, dataUltimaPromozione, enteErogatore, disponibilita) VALUES
('SMJ2K8P4', 'Schede Madri', 'Asus ROG Maximus Z790 HERO', '2025-07-17', 'Asus', TRUE),
('SMQ5L0R7', 'Schede Madri', 'Asus ROG Strix X870E-E Gaming WiFi', '2025-07-17', 'Asus', TRUE),
('SMX9B1V3', 'Schede Madri', 'Asus ROG Crosshair X870E Hero', '2025-07-17', 'Asus', TRUE),
('SMD6F4G9', 'Schede Madri', 'Asus TUF Gaming X870-Plus WiFi', '2025-07-17', 'Asus', TRUE),
('SML1H7N0', 'Schede Madri', 'MSI MPG X870E Carbon WiFi', '2025-07-17', 'MSI', TRUE),
('SMP3S8W2', 'Schede Madri', 'MSI PRO X870E-P WiFi', '2025-07-17', 'MSI', TRUE),
('SMT0C5E1', 'Schede Madri', 'Gigabyte X870E Aorus Master', '2025-07-17', 'Gigabyte', TRUE),
('SMV4Y9Z6', 'Schede Madri', 'Gigabyte X870E Aorus Pro', '2025-07-17', 'Gigabyte', TRUE),
('SMB7D2G0', 'Schede Madri', 'ASRock X870E Taichi', '2025-07-17', 'ASRock', TRUE),
('SMF1J6K8', 'Schede Madri', 'Asus ROG Strix X670E-F Gaming WiFi', '2025-07-17', 'Asus', TRUE),
('SMH3M9P5', 'Schede Madri', 'Asus ROG Strix B650-A Gaming WiFi', '2025-07-17', 'Asus', TRUE),
('SMR0W4X7', 'Schede Madri', 'GIGABYTE B650 Gaming X AX V2', '2025-07-17', 'Gigabyte', TRUE),
('SMS2U5V0', 'Schede Madri', 'GIGABYTE B650 Eagle AX', '2025-07-17', 'Gigabyte', TRUE),
('SMY6Z1A3', 'Schede Madri', 'MSI X670E Gaming Plus WiFi', '2025-07-17', 'MSI', TRUE),
('SMQ8C4D9', 'Schede Madri', 'MSI MAG X670E Tomahawk WiFi', '2025-07-17', 'MSI', TRUE),
('SME0G7I2', 'Schede Madri', 'ASROCK B650E Taichi Lite', '2025-07-17', 'ASRock', TRUE),
('SMU5X0Y1', 'Schede Madri', 'ASUS ROG Crosshair VIII Impact Gaming', '2025-07-17', 'Asus', TRUE),
('SMW7J3K6', 'Schede Madri', 'ASUS ROG Strix B550-F Gaming WI-FI II', '2025-07-17', 'Asus', TRUE),
('SMP9S4T8', 'Schede Madri', 'GIGABYTE B550 AORUS ELITE AX V2', '2025-07-17', 'Gigabyte', TRUE),
('SMN1B5C7', 'Schede Madri', 'ASUS ROG Strix X570-E Gaming', '2025-07-17', 'Asus', TRUE),
('SMK4R0V9', 'Schede Madri', 'MSI MAG X570S TORPEDO MAX Gaming', '2025-07-17', 'MSI', TRUE),
('SMA2D8F0', 'Schede Madri', 'ASUS ROG STRIX B550-A Gaming', '2025-07-17', 'Asus', TRUE),
('SMG7L3M5', 'Schede Madri', 'MSI MPG X570 Gaming Plus', '2025-07-17', 'MSI', TRUE),
('SMO6Q1S3', 'Schede Madri', 'MSI X570 Prestige Creation', '2025-07-17', 'MSI', TRUE),
('SMZ4H9I0', 'Schede Madri', 'MSI X570 Tomahawk WiFi', '2025-07-17', 'MSI', TRUE),
('SMB8E2W4', 'Schede Madri', 'ASRock X570 Phantom Gaming 4', '2025-07-17', 'ASRock', TRUE),
('SMJ0C6D1', 'Schede Madri', 'Asus TUF Gaming B450M-Plus II', '2025-07-17', 'Asus', TRUE),
('SMP2N7Q5', 'Schede Madri', 'ASUS ROG STRIX X470-F Gaming', '2025-07-17', 'Asus', TRUE),
('SMR4S9T2', 'Schede Madri', 'ASRock Fatal1ty X470 Gaming K4', '2025-07-17', 'ASRock', TRUE),
('SMU6V0X8', 'Schede Madri', 'Gigabyte X470 Aorus Ultra Gaming', '2025-07-17', 'Gigabyte', TRUE),
('SMY1Z5A7', 'Schede Madri', 'MSI B450 Bazooka V2', '2025-07-17', 'MSI', TRUE),
('SMN8D0P3', 'Schede Madri', 'ASUS ROG Strix Z890-F Gaming WiFi', '2025-07-17', 'Asus', TRUE),
('SMF2G6H9', 'Schede Madri', 'ASUS ROG Maximus Z890 Hero BTF', '2025-07-17', 'Asus', TRUE),
('SMK7L1M4', 'Schede Madri', 'ASUS ROG Maximus Z890 Extreme', '2025-07-17', 'Asus', TRUE),
('SMW9T5U0', 'Schede Madri', 'MSI MEG X870E GODLIKE', '2025-07-17', 'MSI', TRUE),
('SMX3V8Z1', 'Schede Madri', 'MSI MAG X870E TOMAHAWK WIFI', '2025-07-17', 'MSI', TRUE);


INSERT INTO prodotto_fisico(seriale, prezzo, descrizione, isPreassemblato, quantitaMagazzino, codiceIdentificativo) VALUES
('MBSN2025001', 599.00, 'Scheda madre di punta per gaming e overclocking Intel Z790.', FALSE, 30, 'SMJ2K8P4'),
('MBSN2025002', 499.00, 'Scheda madre gaming AM5 con connettivit Wi-Fi avanzata.', FALSE, 30, 'SMQ5L0R7'),
('MBSN2025003', 550.00, 'Scheda madre premium AM5 per appassionati, con design robusto.', FALSE, 30, 'SMX9B1V3'),
('MBSN2025004', 280.00, 'Scheda madre gaming AM5 affidabile con supporto Wi-Fi.', FALSE, 30, 'SMD6F4G9'),
('MBSN2025005', 380.00, 'Scheda madre gaming AM5 di fascia alta MSI Carbon.', FALSE, 30, 'SML1H7N0'),
('MBSN2025006', 220.00, 'Scheda madre professionale AM5 con connettivit Wi-Fi.', FALSE, 30, 'SMP3S8W2'),
('MBSN2025007', 450.00, 'Scheda madre AM5 di fascia alta Gigabyte Aorus Master.', FALSE, 30, 'SMT0C5E1'),
('MBSN2025008', 350.00, 'Scheda madre gaming AM5 Gigabyte Aorus Pro.', FALSE, 30, 'SMV4Y9Z6'),
('MBSN2025009', 480.00, 'Scheda madre E-ATX AM5 di fascia enthusiast ASRock Taichi.', FALSE, 30, 'SMB7D2G0'),
('MBSN2025010', 320.00, 'Scheda madre gaming AM5 X670E con Wi-Fi.', FALSE, 30, 'SMF1J6K8'),
('MBSN2025011', 190.00, 'Scheda madre gaming AM5 B650 con Wi-Fi, ottimo rapporto qualit/prezzo.', FALSE, 30, 'SMH3M9P5'),
('MBSN2025012', 170.00, 'Scheda madre gaming AM5 B650 Gigabyte.', FALSE, 30, 'SMR0W4X7'),
('MBSN2025013', 160.00, 'Scheda madre gaming AM5 B650 Gigabyte con Wi-Fi.', FALSE, 30, 'SMS2U5V0'),
('MBSN2025014', 290.00, 'Scheda madre gaming AM5 X670E MSI.', FALSE, 30, 'SMY6Z1A3'),
('MBSN2025015', 310.00, 'Scheda madre gaming AM5 X670E MSI Tomahawk.', FALSE, 30, 'SMQ8C4D9'),
('MBSN2025016', 270.00, 'Scheda madre E-ATX AM5 B650E ASRock Taichi Lite.', FALSE, 30, 'SME0G7I2'),
('MBSN2025017', 250.00, 'Scheda madre Mini-DTX AM4 compatta per gaming.', FALSE, 30, 'SMU5X0Y1'),
('MBSN2025018', 130.00, 'Scheda madre AM4 B550 gaming con Wi-Fi.', FALSE, 30, 'SMW7J3K6'),
('MBSN2025019', 110.00, 'Scheda madre AM4 B550 Gigabyte Aorus.', FALSE, 30, 'SMP9S4T8'),
('MBSN2025020', 160.00, 'Scheda madre AM4 X570 di fascia alta per gaming.', FALSE, 30, 'SMN1B5C7'),
('MBSN2025021', 140.00, 'Scheda madre AM4 X570S MSI Gaming.', FALSE, 30, 'SMK4R0V9'),
('MBSN2025022', 120.00, 'Scheda madre AM4 B550 gaming.', FALSE, 30, 'SMA2D8F0'),
('MBSN2025023', 100.00, 'Scheda madre AM4 X570 MSI Gaming Plus.', FALSE, 30, 'SMG7L3M5'),
('MBSN2025024', 200.00, 'Scheda madre E-ATX AM4 X570 di lusso MSI Creation.', FALSE, 30, 'SMO6Q1S3'),
('MBSN2025025', 130.00, 'Scheda madre AM4 X570 MSI Tomahawk con Wi-Fi.', FALSE, 30, 'SMZ4H9I0'),
('MBSN2025026', 90.00, 'Scheda madre AM4 X570 entry-level ASRock.', FALSE, 30, 'SMB8E2W4'),
('MBSN2025027', 70.00, 'Scheda madre Micro-ATX AM4 B450 per sistemi compatti.', FALSE, 30, 'SMJ0C6D1'),
('MBSN2025028', 95.00, 'Scheda madre AM4 X470 gaming.', FALSE, 30, 'SMP2N7Q5'),
('MBSN2025029', 85.00, 'Scheda madre AM4 X470 ASRock Gaming.', FALSE, 30, 'SMR4S9T2'),
('MBSN2025030', 90.00, 'Scheda madre AM4 X470 Gigabyte Aorus.', FALSE, 30, 'SMU6V0X8'),
('MBSN2025031', 65.00, 'Scheda madre Micro-ATX AM4 B450 entry-level.', FALSE, 30, 'SMY1Z5A7'),
('MBSN2025032', 450.00, 'Scheda madre Z890 ASUS ROG Strix con Wi-Fi (prezzo stimato al lancio).', FALSE, 30, 'SMN8D0P3'),
('MBSN2025033', 600.00, 'Scheda madre Z890 ASUS ROG Maximus Hero BTF (prezzo stimato al lancio).', FALSE, 30, 'SMF2G6H9'),
('MBSN2025034', 750.00, 'Scheda madre E-ATX Z890 ASUS ROG Maximus Extreme (prezzo stimato al lancio).', FALSE, 30, 'SMK7L1M4'),
('MBSN2025035', 900.00, 'Scheda madre E-ATX AM5 MSI MEG GODLIKE (prezzo stimato al lancio).', FALSE, 30, 'SMW9T5U0'),
('MBSN2025036', 370.00, 'Scheda madre AM5 MSI MAG X870E TOMAHAWK WIFI (prezzo stimato al lancio).', FALSE, 30, 'SMX3V8Z1');


-- RAM -- 
USE TECNOTIMEDB;
INSERT INTO Articolo (codiceIdentificativo, categoria, nome, dataUltimaPromozione, enteErogatore, disponibilita) VALUES
('RAMA1B2C3D4', 'RAM', 'Corsair Vengeance DDR5 32GB (2x16GB)', '2025-07-17', 'Corsair', TRUE),
('RAME5F6G7H8', 'RAM', 'Corsair Vengeance LPX DDR4 3600MHz 2x8GB', '2025-07-17', 'Corsair', TRUE),
('RAMI9J0K1L2', 'RAM', 'Corsair Vengeance RGB PRO SL DDR4 3600MHz 2x16GB', '2025-07-17', 'Corsair', TRUE),
('RAMM3N4O5P6', 'RAM', 'Corsair Vengeance RGB PRO DDR4 3200MHz 2x8GB', '2025-07-17', 'Corsair', TRUE),
('RAMQ7R8S9T0', 'RAM', 'G.Skill Ripjaws V DDR4 3600MHz 2x16GB', '2025-07-17', 'G.Skill', TRUE),
('RAMU1V2W3X4', 'RAM', 'G.Skill Ripjaws V DDR4 4000MHz 2x8GB', '2025-07-17', 'G.Skill', TRUE),
('RAMY5Z6A7B8', 'RAM', 'G.Skill Ripjaws V DDR4 3200MHz 2x32GB', '2025-07-17', 'G.Skill', TRUE),
('RAMC9D0E1F2', 'RAM', 'Kingston FURY Beast DDR4 3200MHz 2x16GB', '2025-07-17', 'Kingston', TRUE),
('RAMG3H4I5J6', 'RAM', 'Kingston FURY Beast DDR4 3600MHz 2x8GB', '2025-07-17', 'Kingston', TRUE),
('RAMK7L8M9N0', 'RAM', 'Kingston FURY Renegade DDR4 4000MHz 2x16GB', '2025-07-17', 'Kingston', TRUE),
('RAMO1P2Q3R4', 'RAM', 'Crucial Pro DDR4 3200MHz 2x16GB', '2025-07-17', 'Crucial', TRUE),
('RAMS5T6U7V8', 'RAM', 'Crucial Pro DDR4 3200MHz 2x8GB', '2025-07-17', 'Crucial', TRUE),
('RAMW9X0Y1Z2', 'RAM', 'Team T-Force Vulcan Z DDR4 3200MHz 2x16GB', '2025-07-17', 'Team', TRUE),
('RAMA3B4C5D6', 'RAM', 'Team T-Force Vulcan Z DDR4 3600MHz 2x8GB', '2025-07-17', 'Team', TRUE),
('RAME7F8G9H0', 'RAM', 'Team T-Force Delta RGB DDR4 3600MHz 2x16GB', '2025-07-17', 'Team', TRUE),
('RAMI1J2K3L4', 'RAM', 'Patriot Viper Steel DDR4 4400MHz 2x8GB', '2025-07-17', 'Patriot', TRUE),
('RAMM5N6O7P8', 'RAM', 'Patriot Viper Steel DDR4 3600MHz 2x16GB', '2025-07-17', 'Patriot', TRUE),
('RAMQ9R0S1T2', 'RAM', 'ADATA XPG Spectrix D50 DDR4 3600MHz 2x8GB', '2025-07-17', 'ADATA', TRUE),
('RAMU3V4W5X6', 'RAM', 'ADATA XPG Spectrix D60G DDR4 3200MHz 2x16GB', '2025-07-17', 'ADATA', TRUE),
('RAMY7Z8A9B0', 'RAM', 'Silicon Power XPOWER Turbine DDR4 3200MHz 2x16GB', '2025-07-17', 'Silicon Power', TRUE),
('RAMC1D2E3F4', 'RAM', 'Corsair Dominator Titanium RGB DDR5 6600MHz CL32 2x16GB', '2025-07-17', 'Corsair', TRUE),
('RAMG5H6I7J8', 'RAM', 'Corsair Vengeance RGB DDR5 6400MHz CL32 2x16GB', '2025-07-17', 'Corsair', TRUE),
('RAMK9L0M1N2', 'RAM', 'G.Skill Trident Z5 RGB DDR5 7200MHz CL34 2x16GB', '2025-07-17', 'G.Skill', TRUE),
('RAMO3P4Q5R6', 'RAM', 'Kingston FURY Renegade DDR5 7200MHz CL38 2x16GB', '2025-07-17', 'Kingston', TRUE),
('RAMS7T8U9V0', 'RAM', 'Team T-Force Xtreem DDR5 8000MHz CL38 2x24GB', '2025-07-17', 'Team', TRUE),
('RAMW1X2Y3Z4', 'RAM', 'ADATA XPG Lancer Blade RGB DDR5 6400MHz CL32 2x16GB', '2025-07-17', 'ADATA', TRUE),
('RAMA5B6C7D8', 'RAM', 'Patriot Viper Xtreme 5 DDR5 7600MHz CL36 2x16GB', '2025-07-17', 'Patriot', TRUE),
('RAME9F0G1H2', 'RAM', 'Crucial Pro Overclocking DDR5 6000MHz CL36 2x16GB', '2025-07-17', 'Crucial', TRUE),
('RAMI3J4K5L6', 'RAM', 'G.Skill Trident Z5 RGB DDR5 6800MHz CL34 2x32GB', '2025-07-17', 'G.Skill', TRUE),
('RAMM7N8O9P0', 'RAM', 'Corsair Vengeance DDR5 6000MHz CL36 2x32GB (Versione non-RGB)', '2025-07-17', 'Corsair', TRUE),
('RAMQ1R2S3T4', 'RAM', 'Corsair Vengeance DDR5 6000MHz CL30 2x16GB', '2025-07-17', 'Corsair', TRUE),
('RAMU5V6W7X8', 'RAM', 'G.Skill Trident Z5 Neo RGB DDR5 6000MHz CL30 2x16GB', '2025-07-17', 'G.Skill', TRUE),
('RAMY9Z0A1B2', 'RAM', 'Kingston FURY Beast RGB DDR5 6000MHz CL32 2x16GB', '2025-07-17', 'Kingston', TRUE),
('RAMC3D4E5F6', 'RAM', 'Team T-Force Delta RGB DDR5 6000MHz CL30 2x16GB', '2025-07-17', 'Team', TRUE),
('RAMG7H8I9J0', 'RAM', 'ADATA XPG Lancer Blade RGB DDR5 6000MHz CL30 2x16GB', '2025-07-17', 'ADATA', TRUE),
('RAMK1L2M3N4', 'RAM', 'Corsair Dominator Platinum RGB DDR5 6000MHz CL30 2x16GB', '2025-07-17', 'Corsair', TRUE),
('RAMO5P6Q7R8', 'RAM', 'G.Skill Flare X5 DDR5 6000MHz CL30 2x16GB (Design a basso profilo, senza RGB)', '2025-07-17', 'G.Skill', TRUE),
('RAMS9T0U1V2', 'RAM', 'Patriot Viper Xtreme 5 DDR5 7600MHz CL36 2x16GB (Per utenti esperti che puntano a overclock estremi)', '2025-07-17', 'Patriot', TRUE),
('RAMW3X4Y5Z6', 'RAM', 'Corsair Vengeance DDR5 6000MHz CL30 2x32GB', '2025-07-17', 'Corsair', TRUE),
('RAMA7B8C9D0', 'RAM', 'G.Skill Trident Z5 Neo DDR5 6000MHz CL32 2x32GB (Versione non-RGB)', '2025-07-17', 'G.Skill', TRUE),
('RAME1F2G3H4', 'RAM', 'Kingston FURY Renegade DDR5 6400MHz CL32 2x16GB', '2025-07-17', 'Kingston', TRUE),
('RAMI5J6K7L8', 'RAM', 'G.Skill Trident Z Neo DDR4 3600MHz 2x16GB (Progettate specificamente per Ryzen)', '2025-07-17', 'G.Skill', TRUE),
('RAMM9N0O1P2', 'RAM', 'G.Skill Trident Z Neo DDR4 3600MHz 2x8GB', '2025-07-17', 'G.Skill', TRUE),
('RAMQ3R4S5T6', 'RAM', 'G.Skill Ripjaws V DDR4 3600MHz 2x32GB', '2025-07-17', 'G.Skill', TRUE),
('RAMU7V8W9X0', 'RAM', 'Crucial Ballistix DDR4 3600MHz 2x8GB', '2025-07-17', 'Crucial', TRUE),
('RAMY1Z2A3B4', 'RAM', 'Crucial Ballistix DDR4 3200MHz 2x16GB', '2025-07-17', 'Crucial', TRUE),
('RAMC5D6E7F8', 'RAM', 'Corsair Vengeance RGB PRO DDR4 3600MHz 2x16GB', '2025-07-17', 'Corsair', TRUE),
('RAMG9H0I1J2', 'RAM', 'Corsair Vengeance LPX DDR4 3600MHz 2x32GB', '2025-07-17', 'Corsair', TRUE),
('RAMK3L4M5N6', 'RAM', 'Kingston FURY Renegade DDR4 3600MHz 2x16GB', '2025-07-17', 'Kingston', TRUE),
('RAMO7P8Q9R0', 'RAM', 'Team T-Force Dark Za DDR4 3600MHz 2x16GB (Modello ottimizzato per AMD)', '2025-07-17', 'Team', TRUE),
('RAMS1T2U3V4', 'RAM', 'Team T-Force Xtreem ARGB DDR4 4000MHz 2x8GB', '2025-07-17', 'Team', TRUE),
('RAMW5X6Y7Z8', 'RAM', 'Patriot Viper Steel DDR4 4000MHz 2x8GB', '2025-07-17', 'Patriot', TRUE),
('RAMA9B0C1D2', 'RAM', 'Patriot Viper Steel DDR4 3733MHz 2x16GB', '2025-07-17', 'Patriot', TRUE),
('RAME3F4G5H6', 'RAM', 'ADATA XPG Spectrix D41 DDR4 3200MHz 2x16GB', '2025-07-17', 'ADATA', TRUE),
('RAMI7J8K9L0', 'RAM', 'ADATA XPG Gammix D10 DDR4 3200MHz 2x8GB', '2025-07-17', 'ADATA', TRUE);


 INSERT INTO prodotto_fisico(seriale, prezzo, descrizione, isPreassemblato, quantitaMagazzino, codiceIdentificativo) VALUES
('RAMSN2025001', 129.99, 'Kit RAM DDR5 32GB (2x16GB) ad alte prestazioni per sistemi moderni.', FALSE, 50, 'RAMA1B2C3D4'),
('RAMSN2025002', 49.99, 'Kit RAM DDR4 16GB (2x8GB) 3600MHz a basso profilo.', FALSE, 50, 'RAME5F6G7H8'),
('RAMSN2025003', 89.99, 'Kit RAM DDR4 32GB (2x16GB) 3600MHz con illuminazione RGB.', FALSE, 50, 'RAMI9J0K1L2'),
('RAMSN2025004', 54.99, 'Kit RAM DDR4 16GB (2x8GB) 3200MHz con illuminazione RGB.', FALSE, 50, 'RAMM3N4O5P6'),
('RAMSN2025005', 79.99, 'Kit RAM DDR4 32GB (2x16GB) 3600MHz.', FALSE, 50, 'RAMQ7R8S9T0'),
('RAMSN2025006', 59.99, 'Kit RAM DDR4 16GB (2x8GB) 4000MHz ad alta velocit.', FALSE, 50, 'RAMU1V2W3X4'),
('RAMSN2025007', 159.99, 'Kit RAM DDR4 64GB (2x32GB) 3200MHz per workstation.', FALSE, 50, 'RAMY5Z6A7B8'),
('RAMSN2025008', 74.99, 'Kit RAM DDR4 32GB (2x16GB) 3200MHz.', FALSE, 50, 'RAMC9D0E1F2'),
('RAMSN2025009', 52.99, 'Kit RAM DDR4 16GB (2x8GB) 3600MHz.', FALSE, 50, 'RAMG3H4I5J6'),
('RAMSN2025010', 99.99, 'Kit RAM DDR4 32GB (2x16GB) 4000MHz ad alte prestazioni.', FALSE, 50, 'RAMK7L8M9N0'),
('RAMSN2025011', 69.99, 'Kit RAM DDR4 32GB (2x16GB) 3200MHz.', FALSE, 50, 'RAMO1P2Q3R4'),
('RAMSN2025012', 44.99, 'Kit RAM DDR4 16GB (2x8GB) 3200MHz.', FALSE, 50, 'RAMS5T6U7V8'),
('RAMSN2025013', 64.99, 'Kit RAM DDR4 32GB (2x16GB) 3200MHz.', FALSE, 50, 'RAMW9X0Y1Z2'),
('RAMSN2025014', 47.99, 'Kit RAM DDR4 16GB (2x8GB) 3600MHz.', FALSE, 50, 'RAMA3B4C5D6'),
('RAMSN2025015', 79.99, 'Kit RAM DDR4 32GB (2x16GB) 3600MHz con RGB.', FALSE, 50, 'RAME7F8G9H0'),
('RAMSN2025016', 69.99, 'Kit RAM DDR4 16GB (2x8GB) 4400MHz per overclock.', FALSE, 50, 'RAMI1J2K3L4'),
('RAMSN2025017', 94.99, 'Kit RAM DDR4 32GB (2x16GB) 3600MHz.', FALSE, 50, 'RAMM5N6O7P8'),
('RAMSN2025018', 58.99, 'Kit RAM DDR4 16GB (2x8GB) 3600MHz con RGB.', FALSE, 50, 'RAMQ9R0S1T2'),
('RAMSN2025019', 84.99, 'Kit RAM DDR4 32GB (2x16GB) 3200MHz con RGB.', FALSE, 50, 'RAMU3V4W5X6'),
('RAMSN2025020', 71.99, 'Kit RAM DDR4 32GB (2x16GB) 3200MHz.', FALSE, 50, 'RAMY7Z8A9B0'),
('RAMSN2025021', 259.99, 'Kit RAM DDR5 32GB (2x16GB) 6600MHz CL32 di fascia alta con RGB.', FALSE, 50, 'RAMC1D2E3F4'),
('RAMSN2025022', 199.99, 'Kit RAM DDR5 32GB (2x16GB) 6400MHz CL32 con RGB.', FALSE, 50, 'RAMG5H6I7J8'),
('RAMSN2025023', 289.99, 'Kit RAM DDR5 32GB (2x16GB) 7200MHz CL34 con RGB.', FALSE, 50, 'RAMK9L0M1N2'),
('RAMSN2025024', 279.99, 'Kit RAM DDR5 32GB (2x16GB) 7200MHz CL38 ad alte prestazioni.', FALSE, 50, 'RAMO3P4Q5R6'),
('RAMSN2025025', 399.99, 'Kit RAM DDR5 48GB (2x24GB) 8000MHz CL38 estreme.', FALSE, 50, 'RAMS7T8U9V0'),
('RAMSN2025026', 189.99, 'Kit RAM DDR5 32GB (2x16GB) 6400MHz CL32 con RGB.', FALSE, 50, 'RAMW1X2Y3Z4'),
('RAMSN2025027', 269.99, 'Kit RAM DDR5 32GB (2x16GB) 7600MHz CL36 per overclock.', FALSE, 50, 'RAMA5B6C7D8'),
('RAMSN2025028', 169.99, 'Kit RAM DDR5 32GB (2x16GB) 6000MHz CL36 per overclock.', FALSE, 50, 'RAME9F0G1H2'),
('RAMSN2025029', 349.99, 'Kit RAM DDR5 64GB (2x32GB) 6800MHz CL34 con RGB.', FALSE, 50, 'RAMI3J4K5L6'),
('RAMSN2025030', 289.99, 'Kit RAM DDR5 64GB (2x32GB) 6000MHz CL36.', FALSE, 50, 'RAMM7N8O9P0'),
('RAMSN2025031', 149.99, 'Kit RAM DDR5 32GB (2x16GB) 6000MHz CL30.', FALSE, 50, 'RAMQ1R2S3T4'),
('RAMSN2025032', 159.99, 'Kit RAM DDR5 32GB (2x16GB) 6000MHz CL30 con RGB per AMD Ryzen.', FALSE, 50, 'RAMU5V6W7X8'),
('RAMSN2025033', 144.99, 'Kit RAM DDR5 32GB (2x16GB) 6000MHz CL32 con RGB.', FALSE, 50, 'RAMY9Z0A1B2'),
('RAMSN2025034', 139.99, 'Kit RAM DDR5 32GB (2x16GB) 6000MHz CL30 con RGB.', FALSE, 50, 'RAMC3D4E5F6'),
('RAMSN2025035', 149.99, 'Kit RAM DDR5 32GB (2x16GB) 6000MHz CL30 con RGB.', FALSE, 50, 'RAMG7H8I9J0'),
('RAMSN2025036', 179.99, 'Kit RAM DDR5 32GB (2x16GB) 6000MHz CL30 di alta qualit con RGB.', FALSE, 50, 'RAMK1L2M3N4'),
('RAMSN2025037', 134.99, 'Kit RAM DDR5 32GB (2x16GB) 6000MHz CL30 a basso profilo.', FALSE, 50, 'RAMO5P6Q7R8'),
('RAMSN2025038', 269.99, 'Kit RAM DDR5 32GB (2x16GB) 7600MHz CL36 per overclock estremi.', FALSE, 50, 'RAMS9T0U1V2'),
('RAMSN2025039', 279.99, 'Kit RAM DDR5 64GB (2x32GB) 6000MHz CL30.', FALSE, 50, 'RAMW3X4Y5Z6'),
('RAMSN2025040', 269.99, 'Kit RAM DDR5 64GB (2x32GB) 6000MHz CL32 per AMD Ryzen.', FALSE, 50, 'RAMA7B8C9D0'),
('RAMSN2025041', 189.99, 'Kit RAM DDR5 32GB (2x16GB) 6400MHz CL32.', FALSE, 50, 'RAME1F2G3H4'),
('RAMSN2025042', 89.99, 'Kit RAM DDR4 32GB (2x16GB) 3600MHz ottimizzato per Ryzen.', FALSE, 50, 'RAMI5J6K7L8'),
('RAMSN2025043', 59.99, 'Kit RAM DDR4 16GB (2x8GB) 3600MHz ottimizzato per Ryzen.', FALSE, 50, 'RAMM9N0O1P2'),
('RAMSN2025044', 169.99, 'Kit RAM DDR4 64GB (2x32GB) 3600MHz.', FALSE, 50, 'RAMQ3R4S5T6'),
('RAMSN2025045', 54.99, 'Kit RAM DDR4 16GB (2x8GB) 3600MHz.', FALSE, 50, 'RAMU7V8W9X0'),
('RAMSN2025046', 79.99, 'Kit RAM DDR4 32GB (2x16GB) 3200MHz.', FALSE, 50, 'RAMY1Z2A3B4'),
('RAMSN2025047', 94.99, 'Kit RAM DDR4 32GB (2x16GB) 3600MHz con RGB.', FALSE, 50, 'RAMC5D6E7F8'),
('RAMSN2025048', 179.99, 'Kit RAM DDR4 64GB (2x32GB) 3600MHz a basso profilo.', FALSE, 50, 'RAMG9H0I1J2'),
('RAMSN2025049', 89.99, 'Kit RAM DDR4 32GB (2x16GB) 3600MHz ad alte prestazioni.', FALSE, 50, 'RAMK3L4M5N6'),
('RAMSN2025050', 84.99, 'Kit RAM DDR4 32GB (2x16GB) 3600MHz ottimizzato per AMD.', FALSE, 50, 'RAMO7P8Q9R0'),
('RAMSN2025051', 69.99, 'Kit RAM DDR4 16GB (2x8GB) 4000MHz con RGB.', FALSE, 50, 'RAMS1T2U3V4'),
('RAMSN2025052', 64.99, 'Kit RAM DDR4 16GB (2x8GB) 4000MHz.', FALSE, 50, 'RAMW5X6Y7Z8'),
('RAMSN2025053', 94.99, 'Kit RAM DDR4 32GB (2x16GB) 3733MHz.', FALSE, 50, 'RAMA9B0C1D2'),
('RAMSN2025054', 84.99, 'Kit RAM DDR4 32GB (2x16GB) 3200MHz con RGB.', FALSE, 50, 'RAME3F4G5H6'),
('RAMSN2025055', 54.99, 'Kit RAM DDR4 16GB (2x8GB) 3200MHz.', FALSE, 50, 'RAMI7J8K9L0');


-- SCHEDE VIDEO --
USE TECNOTIMEDB;
INSERT INTO Articolo (codiceIdentificativo, categoria, nome, dataUltimaPromozione, enteErogatore, disponibilita) VALUES
('VGID5090NV', 'Scheda Video', 'ASUS ROG Strix GeForce RTX 5090 OC Edition', '2025-07-17', 'ASUS', TRUE),
('VGID5080NV', 'Scheda Video', 'MSI GeForce RTX 5080 SUPRIM X', '2025-07-17', 'MSI', TRUE),
('VGID5070TI', 'Scheda Video', 'GIGABYTE AORUS GeForce RTX 5070 Ti MASTER', '2025-07-17', 'GIGABYTE', TRUE),
('VGID8900XTX', 'Scheda Video', 'SAPPHIRE NITRO+ Radeon RX 8900 XTX', '2025-07-17', 'SAPPHIRE', TRUE),
('VGID8800XT', 'Scheda Video', 'ASRock Aqua Radeon RX 8800 XT', '2025-07-17', 'ASRock', TRUE),
('VGID4090NV', 'Scheda Video', 'ASUS TUF Gaming GeForce RTX 4090 OC Edition', '2025-07-17', 'ASUS', TRUE),
('VGID4080SP', 'Scheda Video', 'MSI GeForce RTX 4080 Super EXPERT 16G', '2025-07-17', 'MSI', TRUE),
('VGID4070TS', 'Scheda Video', 'GIGABYTE GeForce RTX 4070 Ti Super AORUS MASTER', '2025-07-17', 'GIGABYTE', TRUE),
('VGID4070SP', 'Scheda Video', 'ASUS Dual GeForce RTX 4070 Super OC Edition', '2025-07-17', 'ASUS', TRUE),
('VGID4060T8', 'Scheda Video', 'MSI GeForce RTX 4060 Ti GAMING X TRIO 8G', '2025-07-17', 'MSI', TRUE),
('VGID4060NV', 'Scheda Video', 'GIGABYTE GeForce RTX 4060 EAGLE OC 8G', '2025-07-17', 'GIGABYTE', TRUE),
('VGID30506G', 'Scheda Video', 'ASUS Dual GeForce RTX 3050 OC Edition 6GB', '2025-07-17', 'ASUS', TRUE),
('VGID1650GTX', 'Scheda Video', 'MSI GeForce GTX 1650 D6 VENTUS XS OC', '2025-07-17', 'MSI', TRUE),
('VGID1630GTX', 'Scheda Video', 'GIGABYTE GeForce GTX 1630 OC 4G', '2025-07-17', 'GIGABYTE', TRUE),
('VGID7900XTX', 'Scheda Video', 'SAPPHIRE NITRO+ Radeon RX 7900 XTX VAPOR-X 24G', '2025-07-17', 'SAPPHIRE', TRUE),
('VGID7900XT', 'Scheda Video', 'ASUS TUF Gaming Radeon RX 7900 XT OC Edition', '2025-07-17', 'ASUS', TRUE),
('VGID7800XT', 'Scheda Video', 'GIGABYTE Radeon RX 7800 XT GAMING OC 16G', '2025-07-17', 'GIGABYTE', TRUE),
('VGID7700XT', 'Scheda Video', 'ASRock Radeon RX 7700 XT Phantom Gaming OC', '2025-07-17', 'ASRock', TRUE),
('VGID7600X16', 'Scheda Video', 'SAPPHIRE PULSE Radeon RX 7600 XT 16GB', '2025-07-17', 'SAPPHIRE', TRUE),
('VGID7600AM', 'Scheda Video', 'ASUS Dual Radeon RX 7600 OC Edition', '2025-07-17', 'ASUS', TRUE),
('VGID6750XT', 'Scheda Video', 'MSI Radeon RX 6750 XT GAMING X TRIO 12G', '2025-07-17', 'MSI', TRUE),
('VGID6600AM', 'Scheda Video', 'GIGABYTE Radeon RX 6600 EAGLE 8G', '2025-07-17', 'GIGABYTE', TRUE),
('VGID6500XT', 'Scheda Video', 'ASRock Radeon RX 6500 XT Phantom Gaming D 4GB OC', '2025-07-17', 'ASRock', TRUE),
('VGID6400AM', 'Scheda Video', 'SAPPHIRE PULSE Radeon RX 6400 Low Profile', '2025-07-17', 'SAPPHIRE', TRUE),
('VGID306012G', 'Scheda Video', 'ASUS ROG Strix GeForce RTX 3060 OC Edition 12GB', '2025-07-17', 'ASUS', TRUE);

INSERT INTO prodotto_fisico(seriale, prezzo, descrizione, isPreassemblato, quantitaMagazzino, codiceIdentificativo) VALUES
('VGSN2025001', 2799.00, 'Scheda video di punta ASUS ROG Strix GeForce RTX 5090, performance estrema per gaming 8K e AI.', FALSE, 50, 'VGID5090NV'),
('VGSN2025002', 1999.00, 'Scheda video MSI GeForce RTX 5080 SUPRIM X, design premium e potenza elevata per 4K/8K.', FALSE, 50, 'VGID5080NV'),
('VGSN2025003', 1499.00, 'Scheda video GIGABYTE AORUS GeForce RTX 5070 Ti MASTER, ideale per gaming 4K ad alto refresh.', FALSE, 50, 'VGID5070TI'),
('VGSN2025004', 2099.00, 'Scheda video ASUS TUF Gaming GeForce RTX 4090, ottima dissipazione e prestazioni gaming 4K definitive.', FALSE, 50, 'VGID4090NV'),
('VGSN2025005', 1249.00, 'Scheda video MSI GeForce RTX 4080 Super EXPERT 16G, per gaming 4K ad alte prestazioni e ray tracing.', FALSE, 50, 'VGID4080SP'),
('VGSN2025006', 979.00, 'Scheda video GIGABYTE GeForce RTX 4070 Ti Super AORUS MASTER, eccellente per 1440p/4K e VRAM elevata.', FALSE, 50, 'VGID4070TS'),
('VGSN2025007', 749.00, 'Scheda video ASUS Dual GeForce RTX 4070 Super OC Edition, perfetto equilibrio per gaming 1440p.', FALSE, 50, 'VGID4070SP'),
('VGSN2025008', 449.00, 'Scheda video MSI GeForce RTX 4060 Ti GAMING X TRIO 8G, ottima per gaming 1080p e 1440p.', FALSE, 50, 'VGID4060T8'),
('VGSN2025009', 329.00, 'Scheda video GIGABYTE GeForce RTX 4060 EAGLE OC 8G, performance solida per gaming Full HD.', FALSE, 50, 'VGID4060NV'),
('VGSN2025010', 239.00, 'Scheda video ASUS Dual GeForce RTX 3050 OC Edition 6GB, entry-level efficiente per gaming 1080p.', FALSE, 50, 'VGID30506G'),
('VGSN2025011', 179.00, 'Scheda video MSI GeForce GTX 1650 D6 VENTUS XS OC, soluzione base per gaming leggero e sistemi compatti.', FALSE, 50, 'VGID1650GTX'),
('VGSN2025012', 119.00, 'Scheda video GIGABYTE GeForce GTX 1630 OC 4G, economica per sistemi HTPC e gaming molto leggero.', FALSE, 50, 'VGID1630GTX'),
('VGSN2025013', 1749.00, 'Scheda video SAPPHIRE NITRO+ Radeon RX 8900 XTX, top di gamma AMD per gaming e produttivit estrema.', FALSE, 50, 'VGID8900XTX'),
('VGSN2025014', 1199.00, 'Scheda video ASRock Aqua Radeon RX 8800 XT, prestazioni elevate e raffreddamento avanzato per gaming 4K.', FALSE, 50, 'VGID8800XT'),
('VGSN2025015', 999.00, 'Scheda video SAPPHIRE NITRO+ Radeon RX 7900 XTX VAPOR-X 24G, eccellente per gaming 4K/8K.', FALSE, 50, 'VGID7900XTX'),
('VGSN2025016', 799.00, 'Scheda video ASUS TUF Gaming Radeon RX 7900 XT OC Edition, potente per il gaming in 4K.', FALSE, 50, 'VGID7900XT'),
('VGSN2025017', 569.00, 'Scheda video GIGABYTE Radeon RX 7800 XT GAMING OC 16G, l`ottima scelta per il 1440p ad alto refresh.', FALSE, 50, 'VGID7800XT'),
('VGSN2025018', 449.00, 'Scheda video ASRock Radeon RX 7700 XT Phantom Gaming OC, perfomance solida per gaming 1440p.', FALSE, 50, 'VGID7700XT'),
('VGSN2025019', 379.00, 'Scheda video SAPPHIRE PULSE Radeon RX 7600 XT 16GB, VRAM abbondante per gaming 1080p/1440p.', FALSE, 50, 'VGID7600X16'),
('VGSN2025020', 309.00, 'Scheda video ASUS Dual Radeon RX 7600 OC Edition, efficiente per gaming Full HD.', FALSE, 50, 'VGID7600AM'),
('VGSN2025021', 269.00, 'Scheda video MSI Radeon RX 6750 XT GAMING X TRIO 12G, ancora un`ottima scelta per gaming 1440p.', FALSE, 50, 'VGID6750XT'),
('VGSN2025022', 199.00, 'Scheda video GIGABYTE Radeon RX 6600 EAGLE 8G, valida per gaming 1080p.', FALSE, 50, 'VGID6600AM'),
('VGSN2025023', 139.00, 'Scheda video ASRock Radeon RX 6500 XT Phantom Gaming D 4GB OC, entry-level per gaming leggero.', FALSE, 50, 'VGID6500XT'),
('VGSN2025024', 99.00, 'Scheda video SAPPHIRE PULSE Radeon RX 6400 Low Profile, ideale per PC compatti e uso base.', FALSE, 50, 'VGID6400AM'),
('VGSN2025025', 389.00, 'Scheda video ASUS ROG Strix GeForce RTX 3060 OC Edition 12GB, perfetta per gaming 1080p/1440p con VRAM extra.', FALSE, 50, 'VGID306012G');


-- ARCHIVIAZIONE --
INSERT INTO Articolo (codiceIdentificativo, categoria, nome, dataUltimaPromozione, enteErogatore, disponibilita) VALUES
('SSD_SAM990P4T', 'Memoria Archiviazione', 'Samsung 990 PRO 4TB NVMe PCIe 4.0 SSD', '2025-07-17', 'Samsung', TRUE),
('SSD_SAM990P2T', 'Memoria Archiviazione', 'Samsung 990 PRO 2TB NVMe PCIe 4.0 SSD', '2025-07-17', 'Samsung', TRUE),
('SSD_SAM990P1T', 'Memoria Archiviazione', 'Samsung 990 PRO 1TB NVMe PCIe 4.0 SSD', '2025-07-17', 'Samsung', TRUE),
('SSD_SAM980P1T', 'Memoria Archiviazione', 'Samsung 980 PRO 1TB NVMe PCIe 4.0 SSD', '2025-07-17', 'Samsung', TRUE),
('SSD_SAM870E4T', 'Memoria Archiviazione', 'Samsung 870 EVO 4TB SATA III SSD', '2025-07-17', 'Samsung', TRUE),
('SSD_SAM870E2T', 'Memoria Archiviazione', 'Samsung 870 EVO 2TB SATA III SSD', '2025-07-17', 'Samsung', TRUE),
('SSD_SAM870E1T', 'Memoria Archiviazione', 'Samsung 870 EVO 1TB SATA III SSD', '2025-07-17', 'Samsung', TRUE),
('SSD_SKH_P412T', 'Memoria Archiviazione', 'SK Hynix Platinum P41 2TB NVMe PCIe 4.0 SSD', '2025-07-17', 'SK Hynix', TRUE),
('SSD_SKH_P411T', 'Memoria Archiviazione', 'SK Hynix Platinum P41 1TB NVMe PCIe 4.0 SSD', '2025-07-17', 'SK Hynix', TRUE),
('SSD_SKH_P312T', 'Memoria Archiviazione', 'SK Hynix Gold P31 2TB NVMe PCIe 3.0 SSD', '2025-07-17', 'SK Hynix', TRUE),
('SSD_SKH_P311T', 'Memoria Archiviazione', 'SK Hynix Gold P31 1TB NVMe PCIe 3.0 SSD', '2025-07-17', 'SK Hynix', TRUE),
('SSD_CRU_P5P2T', 'Memoria Archiviazione', 'Crucial P5 Plus 2TB NVMe PCIe 4.0 SSD', '2025-07-17', 'Crucial', TRUE),
('SSD_CRU_P5P1T', 'Memoria Archiviazione', 'Crucial P5 Plus 1TB NVMe PCIe 4.0 SSD', '2025-07-17', 'Crucial', TRUE),
('SSD_CRU_P3P4T', 'Memoria Archiviazione', 'Crucial P3 Plus 4TB NVMe PCIe 4.0 SSD', '2025-07-17', 'Crucial', TRUE),
('SSD_CRU_P3P2T', 'Memoria Archiviazione', 'Crucial P3 Plus 2TB NVMe PCIe 4.0 SSD', '2025-07-17', 'Crucial', TRUE),
('SSD_CRU_MX5004T', 'Memoria Archiviazione', 'Crucial MX500 4TB SATA III SSD', '2025-07-17', 'Crucial', TRUE),
('SSD_CRU_MX5002T', 'Memoria Archiviazione', 'Crucial MX500 2TB SATA III SSD', '2025-07-17', 'Crucial', TRUE),
('SSD_CRU_MX5001T', 'Memoria Archiviazione', 'Crucial MX500 1TB SATA III SSD', '2025-07-17', 'Crucial', TRUE),
('SSD_CRU_BX500500', 'Memoria Archiviazione', 'Crucial BX500 500GB SATA III SSD', '2025-07-17', 'Crucial', TRUE),
('SSD_COR_MP600P4T', 'Memoria Archiviazione', 'Corsair MP600 PRO LPX 4TB NVMe PCIe 4.0 SSD', '2025-07-17', 'Corsair', TRUE),
('SSD_COR_MP600P2T', 'Memoria Archiviazione', 'Corsair MP600 PRO LPX 2TB NVMe PCIe 4.0 SSD', '2025-07-17', 'Corsair', TRUE),
('SSD_COR_MP600C2T', 'Memoria Archiviazione', 'Corsair MP600 CORE XT 2TB NVMe PCIe 4.0 SSD', '2025-07-17', 'Corsair', TRUE),
('SSD_COR_MP600C1T', 'Memoria Archiviazione', 'Corsair MP600 CORE XT 1TB NVMe PCIe 4.0 SSD', '2025-07-17', 'Corsair', TRUE),
('SSD_COR_FORCE1T', 'Memoria Archiviazione', 'Corsair Force MP510 960GB NVMe PCIe 3.0 SSD', '2025-07-17', 'Corsair', TRUE),
('SSD_COR_CSSD240', 'Memoria Archiviazione', 'Corsair CSSD-F240GBGTX-B 240GB SATA III SSD', '2025-07-17', 'Corsair', TRUE);

INSERT INTO prodotto_fisico(seriale, prezzo, descrizione, isPreassemblato, quantitaMagazzino, codiceIdentificativo) VALUES
('SSDPF001', 499.99, 'SSD Samsung 990 PRO da 4TB, performance PCIe 4.0 di punta per gaming e workstation professionali.', FALSE, 50, 'SSD_SAM990P4T'),
('SSDPF002', 269.99, 'SSD Samsung 990 PRO da 2TB, velocit estreme e affidabilit per i carichi di lavoro pi intensi.', FALSE, 50, 'SSD_SAM990P2T'),
('SSDPF003', 139.99, 'SSD Samsung 990 PRO da 1TB, ideale per avvio sistema e applicazioni esigenti con velocit elevate.', FALSE, 50, 'SSD_SAM990P1T'),
('SSDPF004', 99.99, 'SSD Samsung 980 PRO da 1TB, ottime prestazioni PCIe 4.0 ad un prezzo competitivo.', FALSE, 50, 'SSD_SAM980P1T'),
('SSDPF005', 359.99, 'SSD Samsung 870 EVO da 4TB, ampio spazio e performance SATA affidabili per storage di massa.', FALSE, 50, 'SSD_SAM870E4T'),
('SSDPF006', 179.99, 'SSD Samsung 870 EVO da 2TB, eccellente per aggiornamenti di laptop e desktop con interfaccia SATA.', FALSE, 50, 'SSD_SAM870E2T'),
('SSDPF007', 94.99, 'SSD Samsung 870 EVO da 1TB, un classico per l`aggiornamento, velocit e stabilit garantite.', FALSE, 50, 'SSD_SAM870E1T'),
('SSDPF008', 219.99, 'SSD SK Hynix Platinum P41 da 2TB, leader per velocit di lettura/scrittura sequenziale.', FALSE, 50, 'SSD_SKH_P412T'),
('SSDPF009', 124.99, 'SSD SK Hynix Platinum P41 da 1TB, perfetto per carichi di lavoro intensi e gaming.', FALSE, 50, 'SSD_SKH_P411T'),
('SSDPF010', 169.99, 'SSD SK Hynix Gold P31 da 2TB, ottimo rapporto qualit-prezzo per PCIe 3.0 ad alta efficienza.', FALSE, 50, 'SSD_SKH_P312T'),
('SSDPF011', 89.99, 'SSD SK Hynix Gold P31 da 1TB, performance solide per sistemi che supportano PCIe 3.0.', FALSE, 50, 'SSD_SKH_P311T'),
('SSDPF012', 199.99, 'SSD Crucial P5 Plus da 2TB, bilanciamento ideale tra prezzo, performance PCIe 4.0 e affidabilit.', FALSE, 50, 'SSD_CRU_P5P2T'),
('SSDPF013', 109.99, 'SSD Crucial P5 Plus da 1TB, un`opzione versatile per migliorare le prestazioni del PC.', FALSE, 50, 'SSD_CRU_P5P1T'),
('SSDPF014', 289.99, 'SSD Crucial P3 Plus da 4TB, enorme capacit PCIe 4.0 per archiviare tutti i tuoi dati.', FALSE, 50, 'SSD_CRU_P3P4T'),
('SSDPF015', 159.99, 'SSD Crucial P3 Plus da 2TB, conveniente per espandere lo storage NVMe senza compromessi.', FALSE, 50, 'SSD_CRU_P3P2T'),
('SSDPF016', 299.99, 'SSD Crucial MX500 da 4TB SATA III, il massimo della capacit per gli SSD SATA.', FALSE, 50, 'SSD_CRU_MX5004T'),
('SSDPF017', 129.99, 'SSD Crucial MX500 da 2TB SATA III, affidabile e con grande spazio per gaming e lavoro.', FALSE, 50, 'SSD_CRU_MX5002T'),
('SSDPF018', 74.99, 'SSD Crucial MX500 da 1TB SATA III, un classico per un upgrade performante e duraturo.', FALSE, 50, 'SSD_CRU_MX5001T'),
('SSDPF019', 49.99, 'SSD Crucial BX500 da 500GB SATA III, soluzione economica per un`accelerazione del sistema.', FALSE, 50, 'SSD_CRU_BX500500'),
('SSDPF020', 449.99, 'SSD Corsair MP600 PRO LPX da 4TB, alta capacit e dissipazione per prestazioni top-tier.', FALSE, 50, 'SSD_COR_MP600P4T'),
('SSDPF021', 249.99, 'SSD Corsair MP600 PRO LPX da 2TB, ideale per build da gaming di fascia alta.', FALSE, 50, 'SSD_COR_MP600P2T'),
('SSDPF022', 149.99, 'SSD Corsair MP600 CORE XT da 2TB, ottimo rapporto qualit-prezzo per un PCIe 4.0 di grande capacit.', FALSE, 50, 'SSD_COR_MP600C2T'),
('SSDPF023', 89.99, 'SSD Corsair MP600 CORE XT da 1TB, entry point per il mondo PCIe 4.0 con buone velocit.', FALSE, 50, 'SSD_COR_MP600C1T'),
('SSDPF024', 69.99, 'SSD Corsair Force MP510 da 960GB, performance PCIe 3.0 elevate e spazio abbondante.', FALSE, 50, 'SSD_COR_FORCE1T'),
('SSDPF025', 29.99, 'SSD Corsair CSSD-F240GBGTX-B da 240GB SATA III, perfetto per avvio del sistema e applicazioni base.', FALSE, 50, 'SSD_COR_CSSD240');

-- CASE-- 

INSERT INTO Articolo (codiceIdentificativo, categoria, nome, dataUltimaPromozione, enteErogatore, disponibilita) VALUES
('CASE_CMHAF700', 'Case PC', 'Cooler Master HAF 700 EVO', '2025-07-17', 'Cooler Master', TRUE),
('CASE_COR7000D', 'Case PC', 'Corsair iCUE 7000D AIRFLOW', '2025-07-17', 'Corsair', TRUE),
('CASE_LIO11XL', 'Case PC', 'Lian Li O11D EVO XL', '2025-07-17', 'Lian Li', TRUE),
('CASE_FDMESH2XL', 'Case PC', 'Fractal Design Meshify 2 XL', '2025-07-17', 'Fractal Design', TRUE),
('CASE_NZXTH9', 'Case PC', 'NZXT H9 Flow', '2025-07-17', 'NZXT', TRUE),
('CASE_LIO11EVO', 'Case PC', 'Lian Li O11 Dynamic EVO', '2025-07-17', 'Lian Li', TRUE),
('CASE_FDTORRENT', 'Case PC', 'Fractal Design Torrent', '2025-07-17', 'Fractal Design', TRUE),
('CASE_COR5000RGB', 'Case PC', 'Corsair 5000D RGB AIRFLOW', '2025-07-17', 'Corsair', TRUE),
('CASE_NZXTH7', 'Case PC', 'NZXT H7 Flow', '2025-07-17', 'NZXT', TRUE),
('CASE_LILANCOOL3', 'Case PC', 'Lian Li Lancool III', '2025-07-17', 'Lian Li', TRUE),
('CASE_FDNORTH', 'Case PC', 'Fractal Design North Charcoal Black', '2025-07-17', 'Fractal Design', TRUE),
('CASE_BEQ500DX', 'Case PC', 'be quiet! Pure Base 500DX', '2025-07-17', 'be quiet!', TRUE),
('CASE_CMTD500V2', 'Case PC', 'Cooler Master MasterBox TD500 Mesh V2', '2025-07-17', 'Cooler Master', TRUE),
('CASE_PHEG360A', 'Case PC', 'Phanteks Eclipse G360A', '2025-07-17', 'Phanteks', TRUE),
('CASE_COR4000D', 'Case PC', 'Corsair 4000D AIRFLOW', '2025-07-17', 'Corsair', TRUE),
('CASE_MON903MAX', 'Case PC', 'Montech AIR 903 MAX', '2025-07-17', 'Montech', TRUE),
('CASE_ASUSAP201', 'Case PC', 'ASUS Prime AP201', '2025-07-17', 'ASUS', TRUE),
('CASE_JONSBD30', 'Case PC', 'Jonsbo D30 Black', '2025-07-17', 'Jonsbo', TRUE),
('CASE_CMNR200P', 'Case PC', 'Cooler Master NR200P', '2025-07-17', 'Cooler Master', TRUE),
('CASE_FDRIDGE', 'Case PC', 'Fractal Design Ridge', '2025-07-17', 'Fractal Design', TRUE);

INSERT INTO prodotto_fisico(seriale, prezzo, descrizione, isPreassemblato, quantitaMagazzino, codiceIdentificativo) VALUES

('CASE_PF_CMHAF700', 449.99, 'Case E-ATX Cooler Master HAF 700 EVO, Full Tower con design futuristico e raffreddamento estremo.', FALSE, 50, 'CASE_CMHAF700'),
('CASE_PF_COR7000D', 299.99, 'Case E-ATX Corsair iCUE 7000D AIRFLOW, Full Tower con eccellente flusso d`aria e ampio spazio per custom loop.', FALSE, 50, 'CASE_COR7000D'),
('CASE_PF_LIO11XL', 249.99, 'Case E-ATX Lian Li O11D EVO XL, versione espansa del popolare O11 Dynamic, perfetto per raffreddamento a liquido.', FALSE, 50, 'CASE_LIO11XL'),
('CASE_PF_FDMESH2XL', 229.99, 'Case E-ATX Fractal Design Meshify 2 XL, offre flessibilit eccezionale e airflow massimizzato per build estreme.', FALSE, 50, 'CASE_FDMESH2XL'),
('CASE_PF_NZXTH9', 169.99, 'Case ATX NZXT H9 Flow, design a doppia camera con pannelli in vetro, ottimizzato per il flusso d`aria.', FALSE, 50, 'CASE_NZXTH9'),
('CASE_PF_LIO11EVO', 164.99, 'Case ATX Lian Li O11 Dynamic EVO, iconico design a doppia camera, estremamente modulare e versatile.', FALSE, 50, 'CASE_LIO11EVO'),
('CASE_PF_FDTORRENT', 219.99, 'Case ATX Fractal Design Torrent, design unico orientato al massimo flusso d`aria con grandi ventole frontali.', FALSE, 50, 'CASE_FDTORRENT'),
('CASE_PF_COR5000RGB', 159.99, 'Case ATX Corsair 5000D RGB AIRFLOW, eccellente flusso d`aria con ventole RGB preinstallate e gestione cavi ottimale.', FALSE, 50, 'CASE_COR5000RGB'),
('CASE_PF_NZXTH7', 129.99, 'Case ATX NZXT H7 Flow, design pulito con pannello frontale forato per un buon airflow.', FALSE, 50, 'CASE_NZXTH7'),
('CASE_PF_LILANCOOL3', 149.99, 'Case ATX Lian Li Lancool III, pensato per il flusso d`aria, ottimo per configurazioni ad alte prestazioni.', FALSE, 50, 'CASE_LILANCOOL3'),
('CASE_PF_FDNORTH', 139.99, 'Case ATX Fractal Design North Charcoal Black, unisce legno e mesh per un look elegante e buon airflow.', FALSE, 50, 'CASE_FDNORTH'),
('CASE_PF_BEQ500DX', 109.99, 'Case ATX be quiet! Pure Base 500DX, silenzioso, ottimo flusso d`aria e illuminazione ARGB discreta.', FALSE, 50, 'CASE_BEQ500DX'),
('CASE_PF_CMTD500V2', 99.99, 'Case ATX Cooler Master MasterBox TD500 Mesh V2, estetica aggressiva e flusso d`aria eccellente grazie al pannello mesh.', FALSE, 50, 'CASE_CMTD500V2'),
('CASE_PF_PHEG360A', 89.99, 'Case ATX Phanteks Eclipse G360A, compatto e orientato all`airflow con pannello frontale in mesh e RGB.', FALSE, 50, 'CASE_PHEG360A'),
('CASE_PF_COR4000D', 84.99, 'Case ATX Corsair 4000D AIRFLOW, design minimalista e prestazioni termiche solide, molto popolare.', FALSE, 50, 'CASE_COR4000D'),
('CASE_PF_MON903MAX', 74.99, 'Case ATX Montech AIR 903 MAX, un`opzione economica con ottimo airflow e ventole preinstallate.', FALSE, 50, 'CASE_MON903MAX'),
('CASE_PF_ASUSAP201', 79.99, 'Case Micro-ATX ASUS Prime AP201, compatto ma spazioso con eccellente airflow e pannelli a rete.', FALSE, 50, 'CASE_ASUSAP201'),
('CASE_PF_JONSBD30', 89.99, 'Case Micro-ATX Jonsbo D30 Black, design elegante e compatto, ideale per build piccole e potenti.', FALSE, 50, 'CASE_JONSBD30'),
('CASE_PF_CMNR200P', 119.99, 'Case Mini-ITX Cooler Master NR200P, il riferimento per build SFF (Small Form Factor) performanti.', FALSE, 50, 'CASE_CMNR200P'),
('CASE_PF_FDRIDGE', 134.99, 'Case Mini-ITX Fractal Design Ridge, design sottile e da salotto, perfetto per HTPC e gaming compatto.', FALSE, 50, 'CASE_FDRIDGE');

-- ALIMENTATORI --

INSERT INTO Articolo (codiceIdentificativo, categoria, nome, dataUltimaPromozione, enteErogatore, disponibilita) VALUES
-- 500W 
('PSU_CORRM550X', 'Alimentatore', 'Corsair RM550x', '2025-07-17', 'Corsair', TRUE),
('PSU_BEQPP12M500', 'Alimentatore', 'be quiet! Pure Power 12 M 500W', '2025-07-17', 'be quiet!', TRUE),
('PSU_SEAFOCUSG550', 'Alimentatore', 'Seasonic Focus Plus Gold 550W', '2025-07-17', 'Seasonic', TRUE),
('PSU_CMMWEG550V2', 'Alimentatore', 'Cooler Master MWE Gold 550 V2 Full Modular', '2025-07-17', 'Cooler Master', TRUE),
-- 750W
('PSU_CORRM750E', 'Alimentatore', 'Corsair RM750e', '2025-07-17', 'Corsair', TRUE),
('PSU_MSIMAG750GL', 'Alimentatore', 'MSI MAG A750GL PCIE5', '2025-07-17', 'MSI', TRUE),
('PSU_EVGA750G6', 'Alimentatore', 'EVGA SuperNOVA 750 G6', '2025-07-17', 'EVGA', TRUE),
('PSU_SEAFOCUSGX750', 'Alimentatore', 'Seasonic FOCUS GX-750', '2025-07-17', 'Seasonic', TRUE),
-- 850W
('PSU_CORRM850X', 'Alimentatore', 'Corsair RM850x', '2025-07-17', 'Corsair', TRUE),
('PSU_BEQPP12M850', 'Alimentatore', 'be quiet! Pure Power 12 M 850W', '2025-07-17', 'be quiet!', TRUE),
('PSU_CMMWEG850V2', 'Alimentatore', 'Cooler Master MWE Gold 850 V2 Full Modular', '2025-07-17', 'Cooler Master', TRUE),
('PSU_EVGA850G6', 'Alimentatore', 'EVGA SuperNOVA 850 G6', '2025-07-17', 'EVGA', TRUE),
-- 1000W
('PSU_CORRM1000E', 'Alimentatore', 'Corsair RM1000e', '2025-07-17', 'Corsair', TRUE),
('PSU_MSIMAG1000P', 'Alimentatore', 'MSI MEG Ai1000P PCIE5', '2025-07-17', 'MSI', TRUE),
('PSU_SEAPRIMETX1000', 'Alimentatore', 'Seasonic PRIME TX-1000', '2025-07-17', 'Seasonic', TRUE),
('PSU_BEQDP131000', 'Alimentatore', 'be quiet! Dark Power 13 1000W', '2025-07-17', 'be quiet!', TRUE),
-- 1200W
('PSU_CORHX1200', 'Alimentatore', 'Corsair HX1200', '2025-07-17', 'Corsair', TRUE),
('PSU_EVGA1200P2', 'Alimentatore', 'EVGA SuperNOVA 1200 P2', '2025-07-17', 'EVGA', TRUE),
-- 1500W
('PSU_CORHX1500I', 'Alimentatore', 'Corsair HX1500i', '2025-07-17', 'Corsair', TRUE),
('PSU_SEAPRIMETX1500', 'Alimentatore', 'Seasonic PRIME TX-1500', '2025-07-17', 'Seasonic', TRUE);

INSERT INTO prodotto_fisico(seriale, prezzo, descrizione, isPreassemblato, quantitaMagazzino, codiceIdentificativo) VALUES
-- 500W 
('PSU_PF_CORRM550X', 89.99, 'Alimentatore Corsair RM550x, 550W 80 PLUS Gold, modulare e silenzioso, ideale per build di fascia media.', FALSE, 50, 'PSU_CORRM550X'),
('PSU_PF_BEQPP12M500', 74.99, 'Alimentatore be quiet! Pure Power 12 M 500W 80 PLUS Gold, completamente modulare, silenzioso e affidabile.', FALSE, 50, 'PSU_BEQPP12M500'),
('PSU_PF_SEAFOCUSG550', 84.99, 'Alimentatore Seasonic Focus Plus Gold 550W, modulare e compatto, ottimo per sistemi affidabili.', FALSE, 50, 'PSU_SEAFOCUSG550'),
('PSU_PF_CMMWEG550V2', 69.99, 'Alimentatore Cooler Master MWE Gold 550 V2, Full Modular 80 PLUS Gold, buona efficienza per budget contenuti.', FALSE, 50, 'PSU_CMMWEG550V2'),
-- 750W
('PSU_PF_CORRM750E', 109.99, 'Alimentatore Corsair RM750e, 750W 80 PLUS Gold, compatto, silenzioso e compatibile con le moderne GPU.', FALSE, 50, 'PSU_CORRM750E'),
('PSU_PF_MSIMAG750GL', 119.99, 'Alimentatore MSI MAG A750GL PCIE5, 750W 80 PLUS Gold, modulare e pronto per le schede video di nuova generazione.', FALSE, 50, 'PSU_MSIMAG750GL'),
('PSU_PF_EVGA750G6', 129.99, 'Alimentatore EVGA SuperNOVA 750 G6, 750W 80 PLUS Gold, completamente modulare, design compatto e alta qualit.', FALSE, 50, 'PSU_EVGA750G6'),
('PSU_PF_SEAFOCUSGX750', 114.99, 'Alimentatore Seasonic FOCUS GX-750, 750W 80 PLUS Gold, affidabile e performante per gaming e produttivit.', FALSE, 50, 'PSU_SEAFOCUSGX750'),
-- 850W
('PSU_PF_CORRM850X', 139.99, 'Alimentatore Corsair RM850x, 850W 80 PLUS Gold, alta qualit e silenziosit per sistemi di fascia alta.', FALSE, 50, 'PSU_CORRM850X'),
('PSU_PF_BEQPP12M850', 124.99, 'Alimentatore be quiet! Pure Power 12 M 850W, 80 PLUS Gold, completamente modulare, potenza e silenzio.', FALSE, 50, 'PSU_BEQPP12M850'),
('PSU_PF_CMMWEG850V2', 99.99, 'Alimentatore Cooler Master MWE Gold 850 V2, 850W Full Modular 80 PLUS Gold, ottimo valore per la potenza offerta.', FALSE, 50, 'PSU_CMMWEG850V2'),
('PSU_PF_EVGA850G6', 149.99, 'Alimentatore EVGA SuperNOVA 850 G6, 850W 80 PLUS Gold, affidabilit top-tier e cavi modulari.', FALSE, 50, 'PSU_EVGA850G6'),
-- 1000W
('PSU_PF_CORRM1000E', 159.99, 'Alimentatore Corsair RM1000e, 1000W 80 PLUS Gold, certificato ATX 3.0, ideale per le GPU di ultima generazione.', FALSE, 50, 'PSU_CORRM1000E'),
('PSU_PF_MSIMAG1000P', 189.99, 'Alimentatore MSI MEG Ai1000P PCIE5, 1000W 80 PLUS Platinum, ATX 3.0 e PCIe 5.0, per configurazioni estreme.', FALSE, 50, 'PSU_MSIMAG1000P'),
('PSU_PF_SEAPRIMETX1000', 219.99, 'Alimentatore Seasonic PRIME TX-1000, 1000W 80 PLUS Titanium, efficienza massima e qualit costruttiva premium.', FALSE, 50, 'PSU_SEAPRIMETX1000'),
('PSU_PF_BEQDP131000', 209.99, 'Alimentatore be quiet! Dark Power 13 1000W 80 PLUS Titanium, silenzioso e performante, per i sistemi pi esigenti.', FALSE, 50, 'PSU_BEQDP131000'),
-- 1200W
('PSU_PF_CORHX1200', 249.99, 'Alimentatore Corsair HX1200, 1200W 80 PLUS Platinum, modulare, ideale per workstation e build multi-GPU.', FALSE, 50, 'PSU_CORHX1200'),
('PSU_PF_EVGA1200P2', 269.99, 'Alimentatore EVGA SuperNOVA 1200 P2, 1200W 80 PLUS Platinum, altissima efficienza e stabilit per overclock.', FALSE, 50, 'PSU_EVGA1200P2'),
-- 1500W
('PSU_PF_CORHX1500I', 359.99, 'Alimentatore Corsair HX1500i, 1500W 80 PLUS Platinum, controllabile via software, potenza estrema per super-build.', FALSE, 50, 'PSU_CORHX1500I'),
('PSU_PF_SEAPRIMETX1500', 389.99, 'Alimentatore Seasonic PRIME TX-1500, 1500W 80 PLUS Titanium, l`apice dell`efficienza e delle prestazioni per i sistemi pi potenti.', FALSE, 50, 'PSU_SEAPRIMETX1500');