USE tecnotimedb;
INSERT INTO Account (
  username, hashedPassword, nome, cognome, sesso, email, numeroTelefono,
  nazione, provincia, citta, via, numeroCivico, CAP, ruolo, dataNascita
)
VALUES 
(
  'mrossi', 
  'hashed_pw_123', 
  'Mario', 
  'Rossi', 
  'M', 
  'mario.rossi@example.com', 
  '+391234567890', 
  'Italia', 
  'Milano', 
  'Milano', 
  'Via Roma', 
  '10', 
  '20100', 
  'utente_registrato', 
  '1990-05-20'
),
(
  'lbianchi', 
  'hashed_pw_456', 
  'Laura', 
  'Bianchi', 
  'F', 
  'laura.bianchi@example.com', 
  '+391112223334', 
  'Italia', 
  'Roma', 
  'Roma', 
  'Via Appia', 
  '21A', 
  '00100', 
  'amministratore', 
  '1985-09-15'
),
(
  'gverdi', 
  'hashed_pw_789', 
  'Giovanni', 
  'Verdi', 
  'M', 
  'giovanni.verdi@example.com', 
  '+393334445556', 
  'Italia', 
  'Napoli', 
  'Napoli', 
  'Via Napoli', 
  '33B', 
  '80100', 
  'utente_registrato', 
  '1992-03-08'
);

USE tecnotimedb;
-- Inserisco articoli
INSERT INTO Articolo (codiceIdentificativo, categoria, nome, dataUltimaPromozione, enteErogatore, disponibilita) VALUES
  ('ART100', 'Monitor', 'AOC CQ27G2U', '2025-06-01', 'AOC', TRUE),
  ('ART200', 'Tastiera', 'Keychron K8 I/O', '2025-05-15', 'Keychron', TRUE),
  ('ART300', 'Webcam', 'Logitech C920', '2025-03-20', 'Logitech', TRUE),
  ('ART400', 'Mouse', 'Logitech MX Master 3S', '2025-04-10', 'Logitech', TRUE),
  ('ART500', 'Stampante', 'HP LaserJet Pro M404dn', '2025-02-25', 'HP', FALSE),
  ('ART600', 'Cuffie', 'Sony WH-1000XM5', '2025-05-05', 'Sony', TRUE),
  ('ART751', 'Servizio', 'AssemblaggioPC', '2025-05-05', 'reptecnotime', TRUE),
  ('ART752', 'Servizio', 'Pulizia PC', '2025-05-05', 'reptecnotime', TRUE),
  ('ART850', 'Preassemblato', 'Dragon Forge 5800X/RTX 4070', '2025-05-06', 'reptecnotime', TRUE),
  ('ART851', 'Preassemblato', 'Titan Blitz 12700K/RTX 4080', '2025-05-07', 'reptecnotime', TRUE),
  ('ART852', 'Preassemblato', 'Aurora Pulse 7600X/RX 7800 XT', '2025-05-08', 'reptecnotime', TRUE),
  ('ART853', 'Preassemblato', 'Oblivion X3D 9950X3D/RTX 5090', '2025-05-09', 'reptecnotime', TRUE),
  ('ART854', 'Preassemblato', 'Quantum Surge 14700K/RTX 5080', '2025-05-10', 'reptecnotime', TRUE),
  ('ART855', 'Preassemblato', 'Nebula Storm 9800X3D/RX 9070 XT', '2025-05-11', 'reptecnotime', TRUE),
  ('ART856', 'Preassemblato', 'Vortex Fury 13600K/RX 7900 XTX', '2025-05-12', 'reptecnotime', TRUE),
  ('ART857', 'Preassemblato', 'Eclipse Infinity Ultra9/RTX 5090', '2025-05-13', 'reptecnotime', TRUE),
  ('ART860', 'Ventole', 'Ventola Corsair AF120 RGB PWM', '2025-05-05', 'Corsair', TRUE),
  ('ART861', 'Ventole', 'Ventola Corsair ML120 Pro RGB', '2025-05-05', 'Corsair', TRUE),
  ('ART862', 'Ventole', 'Ventola Corsair QL120 RGB Quad', '2025-05-05', 'Corsair', TRUE),
  ('ART863', 'Ventole', 'Ventola Cooler Master MF120R ARGB', '2025-05-05', 'Cooler Master', TRUE),
  ('ART864', 'Ventole', 'Ventola Cooler Master JetFlo 120', '2025-05-05', 'Cooler Master', TRUE),
  ('ART865', 'Ventole', 'Ventola Cooler Master Silencio FP120', '2025-05-05', 'Cooler Master', TRUE),
  ('ART866', 'Ventole', 'Ventola Lian Li UNI FAN SL120 RGB', '2025-05-05', 'Lian Li', TRUE),
  ('ART867', 'Ventole', 'Ventola Lian Li UNI FAN AL120', '2025-05-05', 'Lian Li', TRUE),
  ('ART868', 'Ventole', 'Ventola Lian Li Bora Digital 120mm', '2025-05-05', 'Lian Li', TRUE),
  ('ART869', 'Ventole', 'Ventola Lian Li Galahad AIO 120mm', '2025-05-05', 'Lian Li', TRUE),
  ('ART858', 'Servizio', 'Abbonamento newsletter TecnoTime', '2025-05-05', 'reptecnotime', TRUE),
  ('ART1000', 'Servizio', 'Ottimizzazione PC', '2025-05-05', 'reptecnotime', TRUE);
  
-- Inserisco servizi legati agli articoli corrispondenti
INSERT INTO Servizio (codiceServizio, prezzo, descrizione, durata, codiceIdentificativo) VALUES
  ('SRV100', 9.99, 'Abbonamento newsletter TecnoTime', 30, 'ART858'),
  ('SRV200', 19.99, 'Ottimizzazione PC', 1, 'ART1000'),
  ('SRV300', 29.99, 'Pulizia PC', 1, 'ART752'),
  ('SRV400', 99.99, 'AssemblaggioPC', 1, 'ART751');

-- Inserisco prodotti fisici basati sugli articoli
INSERT INTO Prodotto_Fisico (seriale, prezzo, descrizione, isPreassemblato, quantitaMagazzino, codiceIdentificativo) VALUES
  ('PF100A', 299.99, 'Monitor AOC CQ27G2U QHD 165Hz', FALSE, 15, 'ART400'),
  ('PF200B', 89.50, 'Tastiera meccanica RGB Keychron K8 I/O', FALSE, 30, 'ART500'),
  ('PF300C', 59.90, 'Webcam Logitech C920 Full HD', FALSE, 50, 'ART600'),
  -- 1build: Ryzen 7 5800X + RTX 4070
  ('PF1PREA', 1899.99, 'Ryzen 7 5800X, ASUS TUF GAMING B550-PLUS, RTX 4070 12GB, Corsair RM750x 750W, Corsair iCUE H100i Elite LCD liquid cooler, 32GB DDR4-3600, Samsung 980 Pro 1TB NVMe, NZXT H510 case, 3x Corsair AF120 fans', TRUE, 5, 'ART850'),
-- 2build: Intel i7-12700K + RTX 4080
  ('PF2PREB', 2799.99, 'Intel i7-12700K, MSI MAG Z690 TORPEDO DDR5, RTX 4080 16GB, Seasonic Focus GX-850W, Noctua NH-D15 air cooler, 32GB DDR5-6000, WD Black SN850X 2TB NVMe, Fractal Meshify 2 case, 3x Noctua NF-A14 fans', TRUE, 5, 'ART851'),
-- 3build: Ryzen 5 7600X + RX 7800 XT
  ('PF3PREC', 1599.99, 'Ryzen 5 7600X, ASUS TUF GAMING B650M-PLUS, Radeon RX 7800 XT 16GB, Corsair RM750x 750W, MSI MAG CoreLiquid 240R, 32GB DDR5-6000, Crucial P5 Plus 1TB NVMe, Phanteks Eclipse P360A case, 3x Phanteks SK120 fans', TRUE, 5, 'ART852'),
-- 4build: Ryzen 9 9950X3D + RTX 5090
  ('PF4PRED', 4999.99, 'Ryzen 9 9950X3D, MSI MEG X670E GODLIKE, RTX 5090 32GB GDDR7, Corsair AX1000W, Corsair iCUE H150i ELITE LCD, 128GB DDR5-6800, Samsung 990 Pro 4TB NVMe, Lian Li O11 Dynamic XL case, 5x Corsair QL120 fans', TRUE, 2, 'ART853'),
-- 5build: Intel i7-14700K + RTX 5080
  ('PF5PREE', 3599.99, 'Intel i7-14700K, Gigabyte Z790 AORUS ELITE AX, RTX 5080 16GB GDDR7, Seasonic Focus GX-850W, be quiet! Dark Rock Pro 4, 64GB DDR5-6000, Crucial P5 Plus 2TB NVMe, NZXT H7 Flow case, 4x NZXT RF-FN142 fans', TRUE, 3, 'ART854'),
-- 6build: Ryzen 7 9800X3D + RX 9070 XT
  ('PF6PREF', 1899.99, 'Ryzen 7 9800X3D, ASUS ROG STRIX X670E-F, Radeon RX 9070 XT, Corsair RM850x 850W, Arctic Liquid Freezer II 280, 32GB DDR5-6400, WD Black SN770 2TB NVMe, Cooler Master H500 case, 4x Cooler Master MF120R fans', TRUE, 4, 'ART855'),
-- 7build: Intel i5-13600K + RX 7900 XTX
  ('PF7PREG', 1699.99, 'Intel i5-13600K, MSI PRO Z690-P DDR5, Radeon RX 7900 XTX, Corsair RM850x 850W, Noctua NH-U12A, 64GB DDR5-6000, Samsung 980 Pro 2TB NVMe, Fractal Torrent case, 3x Noctua NF-A14 fans', TRUE, 4, 'ART856'),
-- 8build: Intel Core Ultra 9 285K + RTX 5090
  ('PF8PREH', 5599.99, 'Intel Core Ultra 9 285K, ASUS ROG MAXIMUS Z990 HERO, RTX 5090 32GB GDDR7, Corsair AX1000W, Corsair iCUE H150i ELITE LCD, 128GB DDR5-7200, Samsung 990 Pro 4TB NVMe, Lian Li PC-O11D EVO case, 5x Corsair QL120 fans', TRUE, 2, 'ART857'),
  ('PF860A', 14.99, 'Ventola Corsair AF120 RGB PWM 120mm, 52 CFM, 1500 RPM, 16 LED RGB', FALSE, 50, 'ART860'),
  ('PF861A', 29.99, 'Ventola Corsair ML120 Pro RGB 120mm, 47 CFM, 2400 RPM, cuscinetto magnetico, RGB', FALSE, 50, 'ART861'),
  ('PF862A', 49.99, 'Ventola Corsair QL120 RGB Quad 120mm, 43 CFM, 1500 RPM, 34 LED RGB', FALSE, 50, 'ART862'),
  ('PF863A', 19.99, 'Ventola Cooler Master MF120R ARGB 120mm, 59 CFM, 2000 RPM, anello ARGB', FALSE, 50, 'ART863'),
  ('PF864A', 9.99,  'Ventola Cooler Master JetFlo 120 120mm, 74 CFM, 2000 RPM, design ad alto flusso', FALSE, 50, 'ART864'),
  ('PF865A', 12.99, 'Ventola Cooler Master Silencio FP120 120mm, 38 CFM, 1200 RPM, silent edition', FALSE, 50, 'ART865'),
  ('PF866A', 39.99, 'Ventola Lian Li UNI FAN SL120 RGB 120mm, 46 CFM, 1900 RPM, modulo a catena magnetica RGB', FALSE, 50, 'ART866'),
  ('PF867A', 34.99, 'Ventola Lian Li UNI FAN AL120 120mm, 55 CFM, 2200 RPM, design a lama acusticamente ottimizzato', FALSE, 50, 'ART867'),
  ('PF868A', 24.99, 'Ventola Lian Li Bora Digital 120mm, 56 CFM, 1500 RPM, 16 LED digital RGB', FALSE, 50, 'ART868'),
  ('PF869A', 44.99, 'Ventola Lian Li Galahad AIO 120mm (per AIO), 45 CFM, 2000 RPM, illuminazione Addressable RGB', FALSE, 50, 'ART869');
  
-- Inserisco immagini per prodotti
INSERT INTO Immagine (url, codiceIdentificativo) VALUES 
( "https://www.dropbox.com/scl/fi/t6h8nzgtila0vqyzbcrsy/prova1.jpeg?rlkey=9euu5tm8rntz3td09cjq4dsx4&st=u5kas2lw&dl=0", "ART100"),
( "https://www.dropbox.com/scl/fi/t6h8nzgtila0vqyzbcrsy/prova1.jpeg?rlkey=9euu5tm8rntz3td09cjq4dsx4&st=u5kas2lw&dl=0", "ART200"),
( "https://www.dropbox.com/scl/fi/x7c9tbqvxg1yof0keohkr/prova2.jpeg?rlkey=eryqlx9mtyax4ujhqibgd6lf3&st=4xgo5ez7&dl=0", "ART200"),
( "https://www.dropbox.com/scl/fi/obhqwh5ykppawn1i7l2pp/prova3.jpeg?rlkey=35ay786sq5r2p9mqysd5qpjox&st=6effh8o8&dl=0", "ART300"),
( "https://www.dropbox.com/scl/fi/jczhjjkgymotl5x0qbivj/AMD-RYZEN.png?rlkey=ljycvl2merng9lhxi33vq8lr7&st=340q959b&dl=0", "ART850"),
( "https://www.dropbox.com/scl/fi/ctn11umzadaepmq2t540z/intel-nvidia.png?rlkey=41n5h5oxqi0aodn14nt7rvfwz&st=ufp511pl&dl=0", "ART851"),
( "https://www.dropbox.com/scl/fi/jczhjjkgymotl5x0qbivj/AMD-RYZEN.png?rlkey=ljycvl2merng9lhxi33vq8lr7&st=340q959b&dl=0", "ART852"),
( "https://www.dropbox.com/scl/fi/979d1m8av3e948qqwuagc/AMD-Nvidia.png?rlkey=x5roz6iwv79elenftwhk5v4qp&st=nk76kog5&dl=0", "ART853"),
( "https://www.dropbox.com/scl/fi/ctn11umzadaepmq2t540z/intel-nvidia.png?rlkey=41n5h5oxqi0aodn14nt7rvfwz&st=ufp511pl&dl=0", "ART854"),
( "https://www.dropbox.com/scl/fi/jczhjjkgymotl5x0qbivj/AMD-RYZEN.png?rlkey=ljycvl2merng9lhxi33vq8lr7&st=340q959b&dl=0", "ART855"),
( "https://www.dropbox.com/scl/fi/daesa10kb8b09ukqg6mwk/intel-amd.png?rlkey=nys62m0m1dtuu6rs4r18p0bit&st=kl7oc85y&dl=0", "ART856"),
( "https://www.dropbox.com/scl/fi/k1r1cdg0ccw8qx0pvqbnx/eclipse.png?rlkey=tl2z5e4pxm6ejuajcihx5u2y2&st=g4gnf5ft&dl=0", "ART857");

INSERT INTO Articolo (codiceIdentificativo, categoria, nome, dataUltimaPromozione, enteErogatore, disponibilita) VALUES
  ('ART700', 'Software', 'Microsoft Office 365', '2025-05-20', 'Microsoft', TRUE),
  ('ART800', 'Software', 'Adobe Photoshop CC', '2025-04-10', 'Adobe', TRUE),
  ('ART900', 'Software', 'AutoCAD 2025', '2025-03-01', 'Autodesk', TRUE);

-- Inserimento prodotti digitali
INSERT INTO Prodotto_Digitale (codiceSoftware, descrizione, prezzo, codiceIdentificativo) VALUES
  ('SW-OFF365', 'Licenza annuale per Office 365, versione personal e business', 69.99, 'ART700'),
  ('SW-PSCC', 'Adobe Photoshop Creative Cloud, licenza mensile', 22.99, 'ART800'),
  ('SW-ACAD', 'AutoCAD 2025 per studenti e professionisti', 159.00, 'ART900');
  
  USE tecnotimedb;

-- Creazione dei carrelli per i tre utenti
INSERT INTO Carrello (usernameCarrello, Carrello_Id) VALUES
('mrossi', "CAR1"),
('lbianchi', "CAR2"),
('gverdi', "CAR3");

USE tecnotimedb;

-- Aggiunta di 3 articoli al carrello di 'mrossi'
INSERT INTO Contiene (usernameCarrello, Carrello_Id, codiceIdentificativo, quantita) VALUES
('mrossi', "CAR1", 'ART100', 2),
('mrossi', "CAR1", 'ART400', 1),
('mrossi', "CAR1", 'ART700', 3);

-- Aggiunta di 2 articoli al carrello di 'lbianchi'
INSERT INTO Contiene (usernameCarrello, Carrello_Id, codiceIdentificativo, quantita) VALUES
('lbianchi', "CAR2", 'ART200', 2),
('lbianchi', "CAR2", 'ART800', 1);

-- Aggiunta di 4 articoli al carrello di 'gverdi'
INSERT INTO Contiene (usernameCarrello, Carrello_Id, codiceIdentificativo, quantita) VALUES
('gverdi', "CAR3", 'ART300', 1),
('gverdi', "CAR3", 'ART600', 1),
('gverdi', "CAR3", 'ART500', 3),
('gverdi', "CAR3", 'ART900', 1);




INSERT INTO scheda_madre (nomecompleto, marca, socket, dimensione, PCI, SupportoRam, Watt) VALUES
('Asus ROG Maximus Z790 HERO','Asus','LGA 1700','ATX',5.0,'DDR5',80),
('Asus ROG Strix X870E-E Gaming WiFi', 'Asus', 'AM5', 'ATX', '5.0', 'DDR5', 80),
('Asus ROG Crosshair X870E Hero', 'Asus', 'AM5', 'ATX', '5.0', 'DDR5', 80),
('Asus TUF Gaming X870-Plus WiFi', 'Asus', 'AM5', 'ATX', '5.0', 'DDR5', 80),
('MSI MPG X870E Carbon WiFi', 'MSI', 'AM5', 'ATX', '5.0', 'DDR5', 80),
('MSI PRO X870E-P WiFi', 'MSI', 'AM5', 'ATX', '5.0', 'DDR5', 80),
('Gigabyte X870E Aorus Master', 'Gigabyte', 'AM5', 'ATX', '5.0', 'DDR5', 80),
('Gigabyte X870E Aorus Pro', 'Gigabyte', 'AM5', 'ATX', '5.0', 'DDR5', 80),
('ASRock X870E Taichi', 'ASRock', 'AM5', 'E-ATX', '5.0', 'DDR5', 90),
('Asus ROG Strix X670E-F Gaming WiFi', 'Asus', 'AM5', 'ATX', '5.0', 'DDR5', 70),
('Asus ROG Strix B650-A Gaming WiFi', 'Asus', 'AM5', 'ATX', '4.0', 'DDR5', 60),
('GIGABYTE B650 Gaming X AX V2', 'Gigabyte', 'AM5', 'ATX', '4.0', 'DDR5', 60),
('GIGABYTE B650 Eagle AX', 'Gigabyte', 'AM5', 'ATX', '4.0', 'DDR5', 60),
('MSI X670E Gaming Plus WiFi', 'MSI', 'AM5', 'ATX', '5.0', 'DDR5', 70),
('MSI MAG X670E Tomahawk WiFi', 'MSI', 'AM5', 'ATX', '5.0', 'DDR5', 70),
('ASROCK B650E Taichi Lite', 'ASRock', 'AM5', 'E-ATX', '5.0', 'DDR5', 80),
('ASUS ROG Crosshair VIII Impact Gaming', 'Asus', 'AM4', 'Mini-DTX', '4.0', 'DDR4', 70), 
('ASUS ROG Strix B550-F Gaming WI-FI II', 'Asus', 'AM4', 'ATX', '4.0', 'DDR4', 60), 
('GIGABYTE B550 AORUS ELITE AX V2', 'Gigabyte', 'AM4', 'ATX', '4.0', 'DDR4', 60), 
('ASUS ROG Strix X570-E Gaming', 'Asus', 'AM4', 'ATX', '4.0', 'DDR4', 70),
('MSI MAG X570S TORPEDO MAX Gaming', 'MSI', 'AM4', 'ATX', '4.0', 'DDR4', 70),
('ASUS ROG STRIX B550-A Gaming', 'Asus', 'AM4', 'ATX', '4.0', 'DDR4', 60), 
('MSI MPG X570 Gaming Plus', 'MSI', 'AM4', 'ATX', '4.0', 'DDR4', 70), 
('MSI X570 Prestige Creation', 'MSI', 'AM4', 'E-ATX', '4.0', 'DDR4', 80), 
('MSI X570 Tomahawk WiFi', 'MSI', 'AM4', 'ATX', '4.0', 'DDR4', 70), 
('ASRock X570 Phantom Gaming 4', 'ASRock', 'AM4', 'ATX', '4.0', 'DDR4', 70), 
('Asus TUF Gaming B450M-Plus II', 'Asus', 'AM4', 'Micro-ATX', '3.0', 'DDR4', 50), 
('ASUS ROG STRIX X470-F Gaming', 'Asus', 'AM4', 'ATX', '3.0', 'DDR4', 60), 
('ASRock Fatal1ty X470 Gaming K4', 'ASRock', 'AM4', 'ATX', '3.0', 'DDR4', 60), 
('Gigabyte X470 Aorus Ultra Gaming', 'Gigabyte', 'AM4', 'ATX', '3.0', 'DDR4', 60), 
('MSI B450 Bazooka V2', 'MSI', 'AM4', 'Micro-ATX', '3.0', 'DDR4', 50),
('ASUS ROG Strix Z890-F Gaming WiFi', 'Asus', 'LGA 1851', 'ATX', '5.0', 'DDR5', 75),
('ASUS ROG Maximus Z890 Hero BTF', 'Asus', 'LGA 1851', 'ATX', '5.0', 'DDR5', 85),
('ASUS ROG Maximus Z890 Extreme', 'Asus', 'LGA 1851', 'E-ATX', '5.0', 'DDR5', 90),
('MSI MEG X870E GODLIKE', 'MSI', 'AM5', 'E-ATX', '5.0', 'DDR5', 95),
('MSI MAG X870E TOMAHAWK WIFI', 'MSI', 'AM5', 'ATX', '5.0', 'DDR5', 80);

use tecnotimedb;
INSERT INTO scheda_video(nomecompleto, marca, PCI, vram, tipoRam, Watt) VALUES

('ASUS ROG Astral GeForce RTX 5090 OC Edition','ASUS',5.0,32,'GDDR7',600),
('MSI GeForce RTX 5080 SUPRIM X','MSI',5.0,24,'GDDR7',450),
('GIGABYTE AORUS GeForce RTX 5070 Ti MASTER','GIGABYTE',5.0,16,'GDDR7',320),
('SAPPHIRE NITRO+ Radeon RX 9070 XT','SAPPHIRE',5.0,32,'GDDR7',480),
('ASRock Aqua Radeon RX 9070','ASRock',5.0,24,'GDDR7',350),
('ASUS TUF Gaming GeForce RTX 4090 OC Edition','ASUS',4.0,24,'GDDR6X',450),
('MSI GeForce RTX 4080 Super EXPERT 16G','MSI',4.0,16,'GDDR6X',320),
('GIGABYTE GeForce RTX 4070 Ti Super AORUS MASTER','GIGABYTE',4.0,16,'GDDR6X',285),
('ASUS Dual GeForce RTX 4070 Super OC Edition','ASUS',4.0,12,'GDDR6X',220),
('MSI GeForce RTX 4060 Ti GAMING X TRIO 8G','MSI',4.0,8,'GDDR6',160),
('GIGABYTE GeForce RTX 4060 EAGLE OC 8G','GIGABYTE',4.0,8,'GDDR6',115),
('ASUS Dual GeForce RTX 3050 OC Edition 6GB','ASUS',4.0,6,'GDDR6',70),
('MSI GeForce GTX 1650 D6 VENTUS XS OC','MSI',3.0,4,'GDDR6',75),
('GIGABYTE GeForce GTX 1630 OC 4G','GIGABYTE',3.0,4,'GDDR6',75),
('SAPPHIRE NITRO+ Radeon RX 7900 XTX VAPOR-X 24G','SAPPHIRE',4.0,24,'GDDR6',400),
('ASUS TUF Gaming Radeon RX 7900 XT OC Edition','ASUS',4.0,20,'GDDR6',300),
('GIGABYTE Radeon RX 7800 XT GAMING OC 16G','GIGABYTE',4.0,16,'GDDR6',263),
('ASRock Radeon RX 7700 XT Phantom Gaming OC','ASRock',4.0,12,'GDDR6',245),
('SAPPHIRE PULSE Radeon RX 7600 XT 16GB','SAPPHIRE',4.0,16,'GDDR6',190),
('ASUS Dual Radeon RX 7600 OC Edition','ASUS',4.0,8,'GDDR6',165),
('MSI Radeon RX 6750 XT GAMING X TRIO 12G','MSI',4.0,12,'GDDR6',250),
('GIGABYTE Radeon RX 6600 EAGLE 8G','GIGABYTE',4.0,8,'GDDR6',132),
('ASRock Radeon RX 6500 XT Phantom Gaming D 4GB OC','ASRock',4.0,4,'GDDR6',107),
('SAPPHIRE PULSE Radeon RX 6400 Low Profile','SAPPHIRE',4.0,4,'GDDR6',53),
('ASUS ROG Strix GeForce RTX 3060 OC Edition 12GB','ASUS',4.0,12,'GDDR6',170);


INSERT INTO ram(nomecompleto, marca, capacita, SupportoRam) VALUES
('Corsair Vengeance DDR5 32GB (2x16GB)','Corsair',32,'DDR5'),
('Corsair Vengeance LPX DDR4 3600MHz 2x8GB', 'Corsair', 16, 'DDR4'),
('Corsair Vengeance RGB PRO SL DDR4 3600MHz 2x16GB', 'Corsair', 32, 'DDR4'),
('Corsair Vengeance RGB PRO DDR4 3200MHz 2x8GB', 'Corsair', 16, 'DDR4'),
('G.Skill Ripjaws V DDR4 3600MHz 2x16GB', 'G.Skill', 32, 'DDR4'),
('G.Skill Ripjaws V DDR4 4000MHz 2x8GB', 'G.Skill', 16, 'DDR4'),
('G.Skill Ripjaws V DDR4 3200MHz 2x32GB', 'G.Skill', 64, 'DDR4'),
('Kingston FURY Beast DDR4 3200MHz 2x16GB', 'Kingston', 32, 'DDR4'),
('Kingston FURY Beast DDR4 3600MHz 2x8GB', 'Kingston', 16, 'DDR4'),
('Kingston FURY Renegade DDR4 4000MHz 2x16GB', 'Kingston', 32, 'DDR4'),
('Crucial Pro DDR4 3200MHz 2x16GB', 'Crucial', 32, 'DDR4'),
('Crucial Pro DDR4 3200MHz 2x8GB', 'Crucial', 16, 'DDR4'),
('Team T-Force Vulcan Z DDR4 3200MHz 2x16GB', 'Team', 32, 'DDR4'),
('Team T-Force Vulcan Z DDR4 3600MHz 2x8GB', 'Team', 16, 'DDR4'),
('Team T-Force Delta RGB DDR4 3600MHz 2x16GB', 'Team', 32, 'DDR4'),
('Patriot Viper Steel DDR4 4400MHz 2x8GB', 'Patriot', 16, 'DDR4'),
('Patriot Viper Steel DDR4 3600MHz 2x16GB', 'Patriot', 32, 'DDR4'),
('ADATA XPG Spectrix D50 DDR4 3600MHz 2x8GB', 'ADATA', 16, 'DDR4'),
('ADATA XPG Spectrix D60G DDR4 3200MHz 2x16GB', 'ADATA', 32, 'DDR4'),
('Silicon Power XPOWER Turbine DDR4 3200MHz 2x16GB', 'Silicon Power', 32, 'DDR4'),
('Corsair Dominator Titanium RGB DDR5 6600MHz CL32 2x16GB', 'Corsair', 32, 'DDR5'),
('Corsair Vengeance RGB DDR5 6400MHz CL32 2x16GB', 'Corsair', 32, 'DDR5'),
('G.Skill Trident Z5 RGB DDR5 7200MHz CL34 2x16GB', 'G.Skill', 32, 'DDR5'),
('Kingston FURY Renegade DDR5 7200MHz CL38 2x16GB', 'Kingston', 32, 'DDR5'),
('Team T-Force Xtreem DDR5 8000MHz CL38 2x24GB', 'Team', 48, 'DDR5'),
('ADATA XPG Lancer Blade RGB DDR5 6400MHz CL32 2x16GB', 'ADATA', 32, 'DDR5'),
('Patriot Viper Xtreme 5 DDR5 7600MHz CL36 2x16GB', 'Patriot', 32, 'DDR5'),
('Crucial Pro Overclocking DDR5 6000MHz CL36 2x16GB', 'Crucial', 32, 'DDR5'),
('G.Skill Trident Z5 RGB DDR5 6800MHz CL34 2x32GB', 'G.Skill', 64, 'DDR5'),
('Corsair Vengeance DDR5 6000MHz CL36 2x32GB (Versione non-RGB)', 'Corsair', 64, 'DDR5'),
('Corsair Vengeance DDR5 6000MHz CL30 2x16GB', 'Corsair', 32, 'DDR5'),
('G.Skill Trident Z5 Neo RGB DDR5 6000MHz CL30 2x16GB', 'G.Skill', 32, 'DDR5'),
('Kingston FURY Beast RGB DDR5 6000MHz CL32 2x16GB', 'Kingston', 32, 'DDR5'),
('Team T-Force Delta RGB DDR5 6000MHz CL30 2x16GB', 'Team', 32, 'DDR5'),
('ADATA XPG Lancer Blade RGB DDR5 6000MHz CL30 2x16GB', 'ADATA', 32, 'DDR5'),
('Corsair Dominator Platinum RGB DDR5 6000MHz CL30 2x16GB', 'Corsair', 32, 'DDR5'),
('G.Skill Flare X5 DDR5 6000MHz CL30 2x16GB (Design a basso profilo, senza RGB)', 'G.Skill', 32, 'DDR5'),
('Patriot Viper Xtreme 5 DDR5 7600MHz CL36 2x16GB (Per utenti esperti che puntano a overclock estremi)', 'Patriot', 32, 'DDR5'),
('Corsair Vengeance DDR5 6000MHz CL30 2x32GB', 'Corsair', 64, 'DDR5'),
('G.Skill Trident Z5 Neo DDR5 6000MHz CL32 2x32GB (Versione non-RGB)', 'G.Skill', 64, 'DDR5'),
('Kingston FURY Renegade DDR5 6400MHz CL32 2x16GB', 'Kingston', 32, 'DDR5'),
('G.Skill Trident Z Neo DDR4 3600MHz 2x16GB (Progettate specificamente per Ryzen)', 'G.Skill', 32, 'DDR4'),
('G.Skill Trident Z Neo DDR4 3600MHz 2x8GB', 'G.Skill', 16, 'DDR4'),
('G.Skill Ripjaws V DDR4 3600MHz 2x32GB', 'G.Skill', 64, 'DDR4'),
('Crucial Ballistix DDR4 3600MHz 2x8GB', 'Crucial', 16, 'DDR4'),
('Crucial Ballistix DDR4 3200MHz 2x16GB', 'Crucial', 32, 'DDR4'),
('Corsair Vengeance RGB PRO DDR4 3600MHz 2x16GB', 'Corsair', 32, 'DDR4'),
('Corsair Vengeance LPX DDR4 3600MHz 2x32GB', 'Corsair', 64, 'DDR4'),
('Kingston FURY Renegade DDR4 3600MHz 2x16GB', 'Kingston', 32, 'DDR4'),
('Team T-Force Dark Za DDR4 3600MHz 2x16GB (Modello ottimizzato per AMD)', 'Team', 32, 'DDR4'),
('Team T-Force Xtreem ARGB DDR4 4000MHz 2x8GB', 'Team', 16, 'DDR4'),
('Patriot Viper Steel DDR4 4000MHz 2x8GB', 'Patriot', 16, 'DDR4'),
('Patriot Viper Steel DDR4 3733MHz 2x16GB', 'Patriot', 32, 'DDR4'),
('ADATA XPG Spectrix D41 DDR4 3200MHz 2x16GB', 'ADATA', 32, 'DDR4'),
('ADATA XPG Gammix D10 DDR4 3200MHz 2x8GB', 'ADATA', 16, 'DDR4');

USE TECNOTIMEDB;
INSERT INTO _case(nomecompleto, dimensione) VALUES
('Cooler Master HAF 700 EVO', 'E-ATX'),
('Corsair iCUE 7000D AIRFLOW', 'E-ATX'),
('Lian Li O11D EVO XL', 'E-ATX'),
('Fractal Design Meshify 2 XL', 'E-ATX'),
('NZXT H9 Flow', 'ATX'),
('Lian Li O11 Dynamic EVO', 'ATX'), 
('Fractal Design Torrent', 'ATX'),
('Corsair 5000D AIRFLOW', 'ATX'),
('NZXT H7 Flow', 'ATX'),
('Lian Li Lancool III', 'ATX'),
('Fractal Design North Charcoal Black', 'ATX'),
('be quiet! Pure Base 500DX', 'ATX'),
('Cooler Master MasterBox TD500 Mesh V2', 'ATX'),
('Phanteks Eclipse G360A', 'ATX'),
('Corsair 4000D AIRFLOW', 'ATX'),
('Montech AIR 903 MAX', 'ATX'),
('ASUS Prime AP201', 'Micro-ATX'),
('Jonsbo D30 Black', 'Micro-ATX'),
('Cooler Master NR200P', 'Mini-ITX'),
('Fractal Design Ridge', 'Mini-ITX'); 

INSERT INTO alimentatori(nomecompleto, marca, watt) VALUES
('Corsair RM550x', 'Corsair', 500),
('be quiet! Pure Power 12 M 500W', 'be quiet!', 500),
('Seasonic Focus Plus Gold 550W', 'Seasonic', 500), 
('Cooler Master MWE Gold 550 V2 Full Modular', 'Cooler Master', 500), 
('Corsair RM750e', 'Corsair', 750),
('MSI MAG A750GL PCIE5', 'MSI', 750),
('EVGA SuperNOVA 750 G6', 'EVGA', 750),
('Seasonic FOCUS GX-750', 'Seasonic', 750),
('Corsair RM850x', 'Corsair', 850),
('be quiet! Pure Power 12 M 850W', 'be quiet!', 850),
('Cooler Master MWE Gold 850 V2 Full Modular', 'Cooler Master', 850),
('EVGA SuperNOVA 850 G6', 'EVGA', 850),
('Corsair RM1000e', 'Corsair', 1000),
('MSI MEG Ai1000P PCIE5', 'MSI', 1000),
('Seasonic PRIME TX-1000', 'Seasonic', 1000),
('be quiet! Dark Power 13 1000W', 'be quiet!', 1000),
('Corsair HX1200', 'Corsair', 1200),
('EVGA SuperNOVA 1200 P2', 'EVGA', 1200),
('Corsair HX1500i', 'Corsair', 1500),
('Seasonic PRIME TX-1500', 'Seasonic', 1500);


SELECT * FROM tecnotimedb.prodotto_fisico;



-- Inserimenti aggiuntivi per la tabella prodotto_fisico

-- SCHEDE MADRI --
USE TECNOTIMEDB;
INSERT INTO Articolo (codiceIdentificativo, categoria, nome, dataUltimaPromozione, enteErogatore, disponibilita) VALUES
('SMJ2K8P4', 'Schede Madri', 'Asus ROG Maximus Z790 HERO', '2025-07-17', 'Asus', TRUE),
('SMQ5L0R7', 'Schede Madri', 'Asus ROG Strix X870E-E Gaming WiFi', '2025-07-17', 'Asus', TRUE),
('SMX9B1V3', 'Schede Madri', 'Asus ROG Crosshair X870E Hero', '2025-07-17', 'Asus', TRUE),
('SMD6F4G9', 'Schede Madri', 'Asus TUF Gaming X870-Plus WiFi', '2025-07-17', 'Asus', TRUE),
('SML1H7N0', 'Schede Madri', 'MSI MPG X870E Carbon WiFi', '2025-07-17', 'MSI', TRUE),
('SMP3S8W2', 'Schede Madri', 'MSI PRO X870E-P WiFi', '2025-07-17', 'MSI', TRUE),
('SMT0C5E1', 'Schede Madri', 'Gigabyte X870E Aorus Master', '2025-07-17', 'Gigabyte', TRUE),
('SMV4Y9Z6', 'Schede Madri', 'Gigabyte X870E Aorus Pro', '2025-07-17', 'Gigabyte', TRUE),
('SMB7D2G0', 'Schede Madri', 'ASRock X870E Taichi', '2025-07-17', 'ASRock', TRUE),
('SMF1J6K8', 'Schede Madri', 'Asus ROG Strix X670E-F Gaming WiFi', '2025-07-17', 'Asus', TRUE),
('SMH3M9P5', 'Schede Madri', 'Asus ROG Strix B650-A Gaming WiFi', '2025-07-17', 'Asus', TRUE),
('SMR0W4X7', 'Schede Madri', 'GIGABYTE B650 Gaming X AX V2', '2025-07-17', 'Gigabyte', TRUE),
('SMS2U5V0', 'Schede Madri', 'GIGABYTE B650 Eagle AX', '2025-07-17', 'Gigabyte', TRUE),
('SMY6Z1A3', 'Schede Madri', 'MSI X670E Gaming Plus WiFi', '2025-07-17', 'MSI', TRUE),
('SMQ8C4D9', 'Schede Madri', 'MSI MAG X670E Tomahawk WiFi', '2025-07-17', 'MSI', TRUE),
('SME0G7I2', 'Schede Madri', 'ASROCK B650E Taichi Lite', '2025-07-17', 'ASRock', TRUE),
('SMU5X0Y1', 'Schede Madri', 'ASUS ROG Crosshair VIII Impact Gaming', '2025-07-17', 'Asus', TRUE),
('SMW7J3K6', 'Schede Madri', 'ASUS ROG Strix B550-F Gaming WI-FI II', '2025-07-17', 'Asus', TRUE),
('SMP9S4T8', 'Schede Madri', 'GIGABYTE B550 AORUS ELITE AX V2', '2025-07-17', 'Gigabyte', TRUE),
('SMN1B5C7', 'Schede Madri', 'ASUS ROG Strix X570-E Gaming', '2025-07-17', 'Asus', TRUE),
('SMK4R0V9', 'Schede Madri', 'MSI MAG X570S TORPEDO MAX Gaming', '2025-07-17', 'MSI', TRUE),
('SMA2D8F0', 'Schede Madri', 'ASUS ROG STRIX B550-A Gaming', '2025-07-17', 'Asus', TRUE),
('SMG7L3M5', 'Schede Madri', 'MSI MPG X570 Gaming Plus', '2025-07-17', 'MSI', TRUE),
('SMO6Q1S3', 'Schede Madri', 'MSI X570 Prestige Creation', '2025-07-17', 'MSI', TRUE),
('SMZ4H9I0', 'Schede Madri', 'MSI X570 Tomahawk WiFi', '2025-07-17', 'MSI', TRUE),
('SMB8E2W4', 'Schede Madri', 'ASRock X570 Phantom Gaming 4', '2025-07-17', 'ASRock', TRUE),
('SMJ0C6D1', 'Schede Madri', 'Asus TUF Gaming B450M-Plus II', '2025-07-17', 'Asus', TRUE),
('SMP2N7Q5', 'Schede Madri', 'ASUS ROG STRIX X470-F Gaming', '2025-07-17', 'Asus', TRUE),
('SMR4S9T2', 'Schede Madri', 'ASRock Fatal1ty X470 Gaming K4', '2025-07-17', 'ASRock', TRUE),
('SMU6V0X8', 'Schede Madri', 'Gigabyte X470 Aorus Ultra Gaming', '2025-07-17', 'Gigabyte', TRUE),
('SMY1Z5A7', 'Schede Madri', 'MSI B450 Bazooka V2', '2025-07-17', 'MSI', TRUE),
('SMN8D0P3', 'Schede Madri', 'ASUS ROG Strix Z890-F Gaming WiFi', '2025-07-17', 'Asus', TRUE),
('SMF2G6H9', 'Schede Madri', 'ASUS ROG Maximus Z890 Hero BTF', '2025-07-17', 'Asus', TRUE),
('SMK7L1M4', 'Schede Madri', 'ASUS ROG Maximus Z890 Extreme', '2025-07-17', 'Asus', TRUE),
('SMW9T5U0', 'Schede Madri', 'MSI MEG X870E GODLIKE', '2025-07-17', 'MSI', TRUE),
('SMX3V8Z1', 'Schede Madri', 'MSI MAG X870E TOMAHAWK WIFI', '2025-07-17', 'MSI', TRUE);


INSERT INTO prodotto_fisico(seriale, prezzo, descrizione, isPreassemblato, quantitaMagazzino, codiceIdentificativo) VALUES
('MBSN2025001', 599.00, 'Scheda madre di punta per gaming e overclocking Intel Z790.', FALSE, 30, 'SMJ2K8P4'),
('MBSN2025002', 499.00, 'Scheda madre gaming AM5 con connettività Wi-Fi avanzata.', FALSE, 30, 'SMQ5L0R7'),
('MBSN2025003', 550.00, 'Scheda madre premium AM5 per appassionati, con design robusto.', FALSE, 30, 'SMX9B1V3'),
('MBSN2025004', 280.00, 'Scheda madre gaming AM5 affidabile con supporto Wi-Fi.', FALSE, 30, 'SMD6F4G9'),
('MBSN2025005', 380.00, 'Scheda madre gaming AM5 di fascia alta MSI Carbon.', FALSE, 30, 'SML1H7N0'),
('MBSN2025006', 220.00, 'Scheda madre professionale AM5 con connettività Wi-Fi.', FALSE, 30, 'SMP3S8W2'),
('MBSN2025007', 450.00, 'Scheda madre AM5 di fascia alta Gigabyte Aorus Master.', FALSE, 30, 'SMT0C5E1'),
('MBSN2025008', 350.00, 'Scheda madre gaming AM5 Gigabyte Aorus Pro.', FALSE, 30, 'SMV4Y9Z6'),
('MBSN2025009', 480.00, 'Scheda madre E-ATX AM5 di fascia enthusiast ASRock Taichi.', FALSE, 30, 'SMB7D2G0'),
('MBSN2025010', 320.00, 'Scheda madre gaming AM5 X670E con Wi-Fi.', FALSE, 30, 'SMF1J6K8'),
('MBSN2025011', 190.00, 'Scheda madre gaming AM5 B650 con Wi-Fi, ottimo rapporto qualità/prezzo.', FALSE, 30, 'SMH3M9P5'),
('MBSN2025012', 170.00, 'Scheda madre gaming AM5 B650 Gigabyte.', FALSE, 30, 'SMR0W4X7'),
('MBSN2025013', 160.00, 'Scheda madre gaming AM5 B650 Gigabyte con Wi-Fi.', FALSE, 30, 'SMS2U5V0'),
('MBSN2025014', 290.00, 'Scheda madre gaming AM5 X670E MSI.', FALSE, 30, 'SMY6Z1A3'),
('MBSN2025015', 310.00, 'Scheda madre gaming AM5 X670E MSI Tomahawk.', FALSE, 30, 'SMQ8C4D9'),
('MBSN2025016', 270.00, 'Scheda madre E-ATX AM5 B650E ASRock Taichi Lite.', FALSE, 30, 'SME0G7I2'),
('MBSN2025017', 250.00, 'Scheda madre Mini-DTX AM4 compatta per gaming.', FALSE, 30, 'SMU5X0Y1'),
('MBSN2025018', 130.00, 'Scheda madre AM4 B550 gaming con Wi-Fi.', FALSE, 30, 'SMW7J3K6'),
('MBSN2025019', 110.00, 'Scheda madre AM4 B550 Gigabyte Aorus.', FALSE, 30, 'SMP9S4T8'),
('MBSN2025020', 160.00, 'Scheda madre AM4 X570 di fascia alta per gaming.', FALSE, 30, 'SMN1B5C7'),
('MBSN2025021', 140.00, 'Scheda madre AM4 X570S MSI Gaming.', FALSE, 30, 'SMK4R0V9'),
('MBSN2025022', 120.00, 'Scheda madre AM4 B550 gaming.', FALSE, 30, 'SMA2D8F0'),
('MBSN2025023', 100.00, 'Scheda madre AM4 X570 MSI Gaming Plus.', FALSE, 30, 'SMG7L3M5'),
('MBSN2025024', 200.00, 'Scheda madre E-ATX AM4 X570 di lusso MSI Creation.', FALSE, 30, 'SMO6Q1S3'),
('MBSN2025025', 130.00, 'Scheda madre AM4 X570 MSI Tomahawk con Wi-Fi.', FALSE, 30, 'SMZ4H9I0'),
('MBSN2025026', 90.00, 'Scheda madre AM4 X570 entry-level ASRock.', FALSE, 30, 'SMB8E2W4'),
('MBSN2025027', 70.00, 'Scheda madre Micro-ATX AM4 B450 per sistemi compatti.', FALSE, 30, 'SMJ0C6D1'),
('MBSN2025028', 95.00, 'Scheda madre AM4 X470 gaming.', FALSE, 30, 'SMP2N7Q5'),
('MBSN2025029', 85.00, 'Scheda madre AM4 X470 ASRock Gaming.', FALSE, 30, 'SMR4S9T2'),
('MBSN2025030', 90.00, 'Scheda madre AM4 X470 Gigabyte Aorus.', FALSE, 30, 'SMU6V0X8'),
('MBSN2025031', 65.00, 'Scheda madre Micro-ATX AM4 B450 entry-level.', FALSE, 30, 'SMY1Z5A7'),
('MBSN2025032', 450.00, 'Scheda madre Z890 ASUS ROG Strix con Wi-Fi (prezzo stimato al lancio).', FALSE, 30, 'SMN8D0P3'),
('MBSN2025033', 600.00, 'Scheda madre Z890 ASUS ROG Maximus Hero BTF (prezzo stimato al lancio).', FALSE, 30, 'SMF2G6H9'),
('MBSN2025034', 750.00, 'Scheda madre E-ATX Z890 ASUS ROG Maximus Extreme (prezzo stimato al lancio).', FALSE, 30, 'SMK7L1M4'),
('MBSN2025035', 900.00, 'Scheda madre E-ATX AM5 MSI MEG GODLIKE (prezzo stimato al lancio).', FALSE, 30, 'SMW9T5U0'),
('MBSN2025036', 370.00, 'Scheda madre AM5 MSI MAG X870E TOMAHAWK WIFI (prezzo stimato al lancio).', FALSE, 30, 'SMX3V8Z1');


-- RAM -- 
USE TECNOTIMEDB;
INSERT INTO Articolo (codiceIdentificativo, categoria, nome, dataUltimaPromozione, enteErogatore, disponibilita) VALUES
('RAMA1B2C3D4', 'RAM', 'Corsair Vengeance DDR5 32GB (2x16GB)', '2025-07-17', 'Corsair', TRUE),
('RAME5F6G7H8', 'RAM', 'Corsair Vengeance LPX DDR4 3600MHz 2x8GB', '2025-07-17', 'Corsair', TRUE),
('RAMI9J0K1L2', 'RAM', 'Corsair Vengeance RGB PRO SL DDR4 3600MHz 2x16GB', '2025-07-17', 'Corsair', TRUE),
('RAMM3N4O5P6', 'RAM', 'Corsair Vengeance RGB PRO DDR4 3200MHz 2x8GB', '2025-07-17', 'Corsair', TRUE),
('RAMQ7R8S9T0', 'RAM', 'G.Skill Ripjaws V DDR4 3600MHz 2x16GB', '2025-07-17', 'G.Skill', TRUE),
('RAMU1V2W3X4', 'RAM', 'G.Skill Ripjaws V DDR4 4000MHz 2x8GB', '2025-07-17', 'G.Skill', TRUE),
('RAMY5Z6A7B8', 'RAM', 'G.Skill Ripjaws V DDR4 3200MHz 2x32GB', '2025-07-17', 'G.Skill', TRUE),
('RAMC9D0E1F2', 'RAM', 'Kingston FURY Beast DDR4 3200MHz 2x16GB', '2025-07-17', 'Kingston', TRUE),
('RAMG3H4I5J6', 'RAM', 'Kingston FURY Beast DDR4 3600MHz 2x8GB', '2025-07-17', 'Kingston', TRUE),
('RAMK7L8M9N0', 'RAM', 'Kingston FURY Renegade DDR4 4000MHz 2x16GB', '2025-07-17', 'Kingston', TRUE),
('RAMO1P2Q3R4', 'RAM', 'Crucial Pro DDR4 3200MHz 2x16GB', '2025-07-17', 'Crucial', TRUE),
('RAMS5T6U7V8', 'RAM', 'Crucial Pro DDR4 3200MHz 2x8GB', '2025-07-17', 'Crucial', TRUE),
('RAMW9X0Y1Z2', 'RAM', 'Team T-Force Vulcan Z DDR4 3200MHz 2x16GB', '2025-07-17', 'Team', TRUE),
('RAMA3B4C5D6', 'RAM', 'Team T-Force Vulcan Z DDR4 3600MHz 2x8GB', '2025-07-17', 'Team', TRUE),
('RAME7F8G9H0', 'RAM', 'Team T-Force Delta RGB DDR4 3600MHz 2x16GB', '2025-07-17', 'Team', TRUE),
('RAMI1J2K3L4', 'RAM', 'Patriot Viper Steel DDR4 4400MHz 2x8GB', '2025-07-17', 'Patriot', TRUE),
('RAMM5N6O7P8', 'RAM', 'Patriot Viper Steel DDR4 3600MHz 2x16GB', '2025-07-17', 'Patriot', TRUE),
('RAMQ9R0S1T2', 'RAM', 'ADATA XPG Spectrix D50 DDR4 3600MHz 2x8GB', '2025-07-17', 'ADATA', TRUE),
('RAMU3V4W5X6', 'RAM', 'ADATA XPG Spectrix D60G DDR4 3200MHz 2x16GB', '2025-07-17', 'ADATA', TRUE),
('RAMY7Z8A9B0', 'RAM', 'Silicon Power XPOWER Turbine DDR4 3200MHz 2x16GB', '2025-07-17', 'Silicon Power', TRUE),
('RAMC1D2E3F4', 'RAM', 'Corsair Dominator Titanium RGB DDR5 6600MHz CL32 2x16GB', '2025-07-17', 'Corsair', TRUE),
('RAMG5H6I7J8', 'RAM', 'Corsair Vengeance RGB DDR5 6400MHz CL32 2x16GB', '2025-07-17', 'Corsair', TRUE),
('RAMK9L0M1N2', 'RAM', 'G.Skill Trident Z5 RGB DDR5 7200MHz CL34 2x16GB', '2025-07-17', 'G.Skill', TRUE),
('RAMO3P4Q5R6', 'RAM', 'Kingston FURY Renegade DDR5 7200MHz CL38 2x16GB', '2025-07-17', 'Kingston', TRUE),
('RAMS7T8U9V0', 'RAM', 'Team T-Force Xtreem DDR5 8000MHz CL38 2x24GB', '2025-07-17', 'Team', TRUE),
('RAMW1X2Y3Z4', 'RAM', 'ADATA XPG Lancer Blade RGB DDR5 6400MHz CL32 2x16GB', '2025-07-17', 'ADATA', TRUE),
('RAMA5B6C7D8', 'RAM', 'Patriot Viper Xtreme 5 DDR5 7600MHz CL36 2x16GB', '2025-07-17', 'Patriot', TRUE),
('RAME9F0G1H2', 'RAM', 'Crucial Pro Overclocking DDR5 6000MHz CL36 2x16GB', '2025-07-17', 'Crucial', TRUE),
('RAMI3J4K5L6', 'RAM', 'G.Skill Trident Z5 RGB DDR5 6800MHz CL34 2x32GB', '2025-07-17', 'G.Skill', TRUE),
('RAMM7N8O9P0', 'RAM', 'Corsair Vengeance DDR5 6000MHz CL36 2x32GB (Versione non-RGB)', '2025-07-17', 'Corsair', TRUE),
('RAMQ1R2S3T4', 'RAM', 'Corsair Vengeance DDR5 6000MHz CL30 2x16GB', '2025-07-17', 'Corsair', TRUE),
('RAMU5V6W7X8', 'RAM', 'G.Skill Trident Z5 Neo RGB DDR5 6000MHz CL30 2x16GB', '2025-07-17', 'G.Skill', TRUE),
('RAMY9Z0A1B2', 'RAM', 'Kingston FURY Beast RGB DDR5 6000MHz CL32 2x16GB', '2025-07-17', 'Kingston', TRUE),
('RAMC3D4E5F6', 'RAM', 'Team T-Force Delta RGB DDR5 6000MHz CL30 2x16GB', '2025-07-17', 'Team', TRUE),
('RAMG7H8I9J0', 'RAM', 'ADATA XPG Lancer Blade RGB DDR5 6000MHz CL30 2x16GB', '2025-07-17', 'ADATA', TRUE),
('RAMK1L2M3N4', 'RAM', 'Corsair Dominator Platinum RGB DDR5 6000MHz CL30 2x16GB', '2025-07-17', 'Corsair', TRUE),
('RAMO5P6Q7R8', 'RAM', 'G.Skill Flare X5 DDR5 6000MHz CL30 2x16GB (Design a basso profilo, senza RGB)', '2025-07-17', 'G.Skill', TRUE),
('RAMS9T0U1V2', 'RAM', 'Patriot Viper Xtreme 5 DDR5 7600MHz CL36 2x16GB (Per utenti esperti che puntano a overclock estremi)', '2025-07-17', 'Patriot', TRUE),
('RAMW3X4Y5Z6', 'RAM', 'Corsair Vengeance DDR5 6000MHz CL30 2x32GB', '2025-07-17', 'Corsair', TRUE),
('RAMA7B8C9D0', 'RAM', 'G.Skill Trident Z5 Neo DDR5 6000MHz CL32 2x32GB (Versione non-RGB)', '2025-07-17', 'G.Skill', TRUE),
('RAME1F2G3H4', 'RAM', 'Kingston FURY Renegade DDR5 6400MHz CL32 2x16GB', '2025-07-17', 'Kingston', TRUE),
('RAMI5J6K7L8', 'RAM', 'G.Skill Trident Z Neo DDR4 3600MHz 2x16GB (Progettate specificamente per Ryzen)', '2025-07-17', 'G.Skill', TRUE),
('RAMM9N0O1P2', 'RAM', 'G.Skill Trident Z Neo DDR4 3600MHz 2x8GB', '2025-07-17', 'G.Skill', TRUE),
('RAMQ3R4S5T6', 'RAM', 'G.Skill Ripjaws V DDR4 3600MHz 2x32GB', '2025-07-17', 'G.Skill', TRUE),
('RAMU7V8W9X0', 'RAM', 'Crucial Ballistix DDR4 3600MHz 2x8GB', '2025-07-17', 'Crucial', TRUE),
('RAMY1Z2A3B4', 'RAM', 'Crucial Ballistix DDR4 3200MHz 2x16GB', '2025-07-17', 'Crucial', TRUE),
('RAMC5D6E7F8', 'RAM', 'Corsair Vengeance RGB PRO DDR4 3600MHz 2x16GB', '2025-07-17', 'Corsair', TRUE),
('RAMG9H0I1J2', 'RAM', 'Corsair Vengeance LPX DDR4 3600MHz 2x32GB', '2025-07-17', 'Corsair', TRUE),
('RAMK3L4M5N6', 'RAM', 'Kingston FURY Renegade DDR4 3600MHz 2x16GB', '2025-07-17', 'Kingston', TRUE),
('RAMO7P8Q9R0', 'RAM', 'Team T-Force Dark Za DDR4 3600MHz 2x16GB (Modello ottimizzato per AMD)', '2025-07-17', 'Team', TRUE),
('RAMS1T2U3V4', 'RAM', 'Team T-Force Xtreem ARGB DDR4 4000MHz 2x8GB', '2025-07-17', 'Team', TRUE),
('RAMW5X6Y7Z8', 'RAM', 'Patriot Viper Steel DDR4 4000MHz 2x8GB', '2025-07-17', 'Patriot', TRUE),
('RAMA9B0C1D2', 'RAM', 'Patriot Viper Steel DDR4 3733MHz 2x16GB', '2025-07-17', 'Patriot', TRUE),
('RAME3F4G5H6', 'RAM', 'ADATA XPG Spectrix D41 DDR4 3200MHz 2x16GB', '2025-07-17', 'ADATA', TRUE),
('RAMI7J8K9L0', 'RAM', 'ADATA XPG Gammix D10 DDR4 3200MHz 2x8GB', '2025-07-17', 'ADATA', TRUE);


 INSERT INTO prodotto_fisico(seriale, prezzo, descrizione, isPreassemblato, quantitaMagazzino, codiceIdentificativo) VALUES
('RAMSN2025001', 129.99, 'Kit RAM DDR5 32GB (2x16GB) ad alte prestazioni per sistemi moderni.', FALSE, 50, 'RAMA1B2C3D4'),
('RAMSN2025002', 49.99, 'Kit RAM DDR4 16GB (2x8GB) 3600MHz a basso profilo.', FALSE, 50, 'RAME5F6G7H8'),
('RAMSN2025003', 89.99, 'Kit RAM DDR4 32GB (2x16GB) 3600MHz con illuminazione RGB.', FALSE, 50, 'RAMI9J0K1L2'),
('RAMSN2025004', 54.99, 'Kit RAM DDR4 16GB (2x8GB) 3200MHz con illuminazione RGB.', FALSE, 50, 'RAMM3N4O5P6'),
('RAMSN2025005', 79.99, 'Kit RAM DDR4 32GB (2x16GB) 3600MHz.', FALSE, 50, 'RAMQ7R8S9T0'),
('RAMSN2025006', 59.99, 'Kit RAM DDR4 16GB (2x8GB) 4000MHz ad alta velocità.', FALSE, 50, 'RAMU1V2W3X4'),
('RAMSN2025007', 159.99, 'Kit RAM DDR4 64GB (2x32GB) 3200MHz per workstation.', FALSE, 50, 'RAMY5Z6A7B8'),
('RAMSN2025008', 74.99, 'Kit RAM DDR4 32GB (2x16GB) 3200MHz.', FALSE, 50, 'RAMC9D0E1F2'),
('RAMSN2025009', 52.99, 'Kit RAM DDR4 16GB (2x8GB) 3600MHz.', FALSE, 50, 'RAMG3H4I5J6'),
('RAMSN2025010', 99.99, 'Kit RAM DDR4 32GB (2x16GB) 4000MHz ad alte prestazioni.', FALSE, 50, 'RAMK7L8M9N0'),
('RAMSN2025011', 69.99, 'Kit RAM DDR4 32GB (2x16GB) 3200MHz.', FALSE, 50, 'RAMO1P2Q3R4'),
('RAMSN2025012', 44.99, 'Kit RAM DDR4 16GB (2x8GB) 3200MHz.', FALSE, 50, 'RAMS5T6U7V8'),
('RAMSN2025013', 64.99, 'Kit RAM DDR4 32GB (2x16GB) 3200MHz.', FALSE, 50, 'RAMW9X0Y1Z2'),
('RAMSN2025014', 47.99, 'Kit RAM DDR4 16GB (2x8GB) 3600MHz.', FALSE, 50, 'RAMA3B4C5D6'),
('RAMSN2025015', 79.99, 'Kit RAM DDR4 32GB (2x16GB) 3600MHz con RGB.', FALSE, 50, 'RAME7F8G9H0'),
('RAMSN2025016', 69.99, 'Kit RAM DDR4 16GB (2x8GB) 4400MHz per overclock.', FALSE, 50, 'RAMI1J2K3L4'),
('RAMSN2025017', 94.99, 'Kit RAM DDR4 32GB (2x16GB) 3600MHz.', FALSE, 50, 'RAMM5N6O7P8'),
('RAMSN2025018', 58.99, 'Kit RAM DDR4 16GB (2x8GB) 3600MHz con RGB.', FALSE, 50, 'RAMQ9R0S1T2'),
('RAMSN2025019', 84.99, 'Kit RAM DDR4 32GB (2x16GB) 3200MHz con RGB.', FALSE, 50, 'RAMU3V4W5X6'),
('RAMSN2025020', 71.99, 'Kit RAM DDR4 32GB (2x16GB) 3200MHz.', FALSE, 50, 'RAMY7Z8A9B0'),
('RAMSN2025021', 259.99, 'Kit RAM DDR5 32GB (2x16GB) 6600MHz CL32 di fascia alta con RGB.', FALSE, 50, 'RAMC1D2E3F4'),
('RAMSN2025022', 199.99, 'Kit RAM DDR5 32GB (2x16GB) 6400MHz CL32 con RGB.', FALSE, 50, 'RAMG5H6I7J8'),
('RAMSN2025023', 289.99, 'Kit RAM DDR5 32GB (2x16GB) 7200MHz CL34 con RGB.', FALSE, 50, 'RAMK9L0M1N2'),
('RAMSN2025024', 279.99, 'Kit RAM DDR5 32GB (2x16GB) 7200MHz CL38 ad alte prestazioni.', FALSE, 50, 'RAMO3P4Q5R6'),
('RAMSN2025025', 399.99, 'Kit RAM DDR5 48GB (2x24GB) 8000MHz CL38 estreme.', FALSE, 50, 'RAMS7T8U9V0'),
('RAMSN2025026', 189.99, 'Kit RAM DDR5 32GB (2x16GB) 6400MHz CL32 con RGB.', FALSE, 50, 'RAMW1X2Y3Z4'),
('RAMSN2025027', 269.99, 'Kit RAM DDR5 32GB (2x16GB) 7600MHz CL36 per overclock.', FALSE, 50, 'RAMA5B6C7D8'),
('RAMSN2025028', 169.99, 'Kit RAM DDR5 32GB (2x16GB) 6000MHz CL36 per overclock.', FALSE, 50, 'RAME9F0G1H2'),
('RAMSN2025029', 349.99, 'Kit RAM DDR5 64GB (2x32GB) 6800MHz CL34 con RGB.', FALSE, 50, 'RAMI3J4K5L6'),
('RAMSN2025030', 289.99, 'Kit RAM DDR5 64GB (2x32GB) 6000MHz CL36.', FALSE, 50, 'RAMM7N8O9P0'),
('RAMSN2025031', 149.99, 'Kit RAM DDR5 32GB (2x16GB) 6000MHz CL30.', FALSE, 50, 'RAMQ1R2S3T4'),
('RAMSN2025032', 159.99, 'Kit RAM DDR5 32GB (2x16GB) 6000MHz CL30 con RGB per AMD Ryzen.', FALSE, 50, 'RAMU5V6W7X8'),
('RAMSN2025033', 144.99, 'Kit RAM DDR5 32GB (2x16GB) 6000MHz CL32 con RGB.', FALSE, 50, 'RAMY9Z0A1B2'),
('RAMSN2025034', 139.99, 'Kit RAM DDR5 32GB (2x16GB) 6000MHz CL30 con RGB.', FALSE, 50, 'RAMC3D4E5F6'),
('RAMSN2025035', 149.99, 'Kit RAM DDR5 32GB (2x16GB) 6000MHz CL30 con RGB.', FALSE, 50, 'RAMG7H8I9J0'),
('RAMSN2025036', 179.99, 'Kit RAM DDR5 32GB (2x16GB) 6000MHz CL30 di alta qualità con RGB.', FALSE, 50, 'RAMK1L2M3N4'),
('RAMSN2025037', 134.99, 'Kit RAM DDR5 32GB (2x16GB) 6000MHz CL30 a basso profilo.', FALSE, 50, 'RAMO5P6Q7R8'),
('RAMSN2025038', 269.99, 'Kit RAM DDR5 32GB (2x16GB) 7600MHz CL36 per overclock estremi.', FALSE, 50, 'RAMS9T0U1V2'),
('RAMSN2025039', 279.99, 'Kit RAM DDR5 64GB (2x32GB) 6000MHz CL30.', FALSE, 50, 'RAMW3X4Y5Z6'),
('RAMSN2025040', 269.99, 'Kit RAM DDR5 64GB (2x32GB) 6000MHz CL32 per AMD Ryzen.', FALSE, 50, 'RAMA7B8C9D0'),
('RAMSN2025041', 189.99, 'Kit RAM DDR5 32GB (2x16GB) 6400MHz CL32.', FALSE, 50, 'RAME1F2G3H4'),
('RAMSN2025042', 89.99, 'Kit RAM DDR4 32GB (2x16GB) 3600MHz ottimizzato per Ryzen.', FALSE, 50, 'RAMI5J6K7L8'),
('RAMSN2025043', 59.99, 'Kit RAM DDR4 16GB (2x8GB) 3600MHz ottimizzato per Ryzen.', FALSE, 50, 'RAMM9N0O1P2'),
('RAMSN2025044', 169.99, 'Kit RAM DDR4 64GB (2x32GB) 3600MHz.', FALSE, 50, 'RAMQ3R4S5T6'),
('RAMSN2025045', 54.99, 'Kit RAM DDR4 16GB (2x8GB) 3600MHz.', FALSE, 50, 'RAMU7V8W9X0'),
('RAMSN2025046', 79.99, 'Kit RAM DDR4 32GB (2x16GB) 3200MHz.', FALSE, 50, 'RAMY1Z2A3B4'),
('RAMSN2025047', 94.99, 'Kit RAM DDR4 32GB (2x16GB) 3600MHz con RGB.', FALSE, 50, 'RAMC5D6E7F8'),
('RAMSN2025048', 179.99, 'Kit RAM DDR4 64GB (2x32GB) 3600MHz a basso profilo.', FALSE, 50, 'RAMG9H0I1J2'),
('RAMSN2025049', 89.99, 'Kit RAM DDR4 32GB (2x16GB) 3600MHz ad alte prestazioni.', FALSE, 50, 'RAMK3L4M5N6'),
('RAMSN2025050', 84.99, 'Kit RAM DDR4 32GB (2x16GB) 3600MHz ottimizzato per AMD.', FALSE, 50, 'RAMO7P8Q9R0'),
('RAMSN2025051', 69.99, 'Kit RAM DDR4 16GB (2x8GB) 4000MHz con RGB.', FALSE, 50, 'RAMS1T2U3V4'),
('RAMSN2025052', 64.99, 'Kit RAM DDR4 16GB (2x8GB) 4000MHz.', FALSE, 50, 'RAMW5X6Y7Z8'),
('RAMSN2025053', 94.99, 'Kit RAM DDR4 32GB (2x16GB) 3733MHz.', FALSE, 50, 'RAMA9B0C1D2'),
('RAMSN2025054', 84.99, 'Kit RAM DDR4 32GB (2x16GB) 3200MHz con RGB.', FALSE, 50, 'RAME3F4G5H6'),
('RAMSN2025055', 54.99, 'Kit RAM DDR4 16GB (2x8GB) 3200MHz.', FALSE, 50, 'RAMI7J8K9L0');


-- SCHEDE VIDEO --
USE TECNOTIMEDB;
INSERT INTO Articolo (codiceIdentificativo, categoria, nome, dataUltimaPromozione, enteErogatore, disponibilita) VALUES
('VGID5090NV', 'Scheda Video', 'ASUS ROG Astral GeForce RTX 5090 OC Edition', '2025-07-17', 'ASUS', TRUE),
('VGID5080NV', 'Scheda Video', 'MSI GeForce RTX 5080 SUPRIM X', '2025-07-17', 'MSI', TRUE),
('VGID5070TI', 'Scheda Video', 'GIGABYTE AORUS GeForce RTX 5070 Ti MASTER', '2025-07-17', 'GIGABYTE', TRUE),
('VGID8900XTX', 'Scheda Video', 'SAPPHIRE NITRO+ Radeon RX 9070 XT', '2025-07-17', 'SAPPHIRE', TRUE),
('VGID8800XT', 'Scheda Video', 'ASRock Aqua Radeon RX 9070', '2025-07-17', 'ASRock', TRUE),
('VGID4090NV', 'Scheda Video', 'ASUS TUF Gaming GeForce RTX 4090 OC Edition', '2025-07-17', 'ASUS', TRUE),
('VGID4080SP', 'Scheda Video', 'MSI GeForce RTX 4080 Super EXPERT 16G', '2025-07-17', 'MSI', TRUE),
('VGID4070TS', 'Scheda Video', 'GIGABYTE GeForce RTX 4070 Ti Super AORUS MASTER', '2025-07-17', 'GIGABYTE', TRUE),
('VGID4070SP', 'Scheda Video', 'ASUS Dual GeForce RTX 4070 Super OC Edition', '2025-07-17', 'ASUS', TRUE),
('VGID4060T8', 'Scheda Video', 'MSI GeForce RTX 4060 Ti GAMING X TRIO 8G', '2025-07-17', 'MSI', TRUE),
('VGID4060NV', 'Scheda Video', 'GIGABYTE GeForce RTX 4060 EAGLE OC 8G', '2025-07-17', 'GIGABYTE', TRUE),
('VGID30506G', 'Scheda Video', 'ASUS Dual GeForce RTX 3050 OC Edition 6GB', '2025-07-17', 'ASUS', TRUE),
('VGID1650GTX', 'Scheda Video', 'MSI GeForce GTX 1650 D6 VENTUS XS OC', '2025-07-17', 'MSI', TRUE),
('VGID1630GTX', 'Scheda Video', 'GIGABYTE GeForce GTX 1630 OC 4G', '2025-07-17', 'GIGABYTE', TRUE),
('VGID7900XTX', 'Scheda Video', 'SAPPHIRE NITRO+ Radeon RX 7900 XTX VAPOR-X 24G', '2025-07-17', 'SAPPHIRE', TRUE),
('VGID7900XT', 'Scheda Video', 'ASUS TUF Gaming Radeon RX 7900 XT OC Edition', '2025-07-17', 'ASUS', TRUE),
('VGID7800XT', 'Scheda Video', 'GIGABYTE Radeon RX 7800 XT GAMING OC 16G', '2025-07-17', 'GIGABYTE', TRUE),
('VGID7700XT', 'Scheda Video', 'ASRock Radeon RX 7700 XT Phantom Gaming OC', '2025-07-17', 'ASRock', TRUE),
('VGID7600X16', 'Scheda Video', 'SAPPHIRE PULSE Radeon RX 7600 XT 16GB', '2025-07-17', 'SAPPHIRE', TRUE),
('VGID7600AM', 'Scheda Video', 'ASUS Dual Radeon RX 7600 OC Edition', '2025-07-17', 'ASUS', TRUE),
('VGID6750XT', 'Scheda Video', 'MSI Radeon RX 6750 XT GAMING X TRIO 12G', '2025-07-17', 'MSI', TRUE),
('VGID6600AM', 'Scheda Video', 'GIGABYTE Radeon RX 6600 EAGLE 8G', '2025-07-17', 'GIGABYTE', TRUE),
('VGID6500XT', 'Scheda Video', 'ASRock Radeon RX 6500 XT Phantom Gaming D 4GB OC', '2025-07-17', 'ASRock', TRUE),
('VGID6400AM', 'Scheda Video', 'SAPPHIRE PULSE Radeon RX 6400 Low Profile', '2025-07-17', 'SAPPHIRE', TRUE),
('VGID306012G', 'Scheda Video', 'ASUS ROG Strix GeForce RTX 3060 OC Edition 12GB', '2025-07-17', 'ASUS', TRUE);

INSERT INTO prodotto_fisico(seriale, prezzo, descrizione, isPreassemblato, quantitaMagazzino, codiceIdentificativo) VALUES
('VGSN2025001', 2799.00, 'Scheda video di punta ASUS ROG Astral GeForce RTX 5090 OC Edition, performance estrema per gaming 8K e AI.', FALSE, 50, 'VGID5090NV'),
('VGSN2025002', 1999.00, 'Scheda video MSI GeForce RTX 5080 SUPRIM X, design premium e potenza elevata per 4K/8K.', FALSE, 50, 'VGID5080NV'),
('VGSN2025003', 1499.00, 'Scheda video GIGABYTE AORUS GeForce RTX 5070 Ti MASTER, ideale per gaming 4K ad alto refresh.', FALSE, 50, 'VGID5070TI'),
('VGSN2025004', 2099.00, 'Scheda video ASUS TUF Gaming GeForce RTX 4090, ottima dissipazione e prestazioni gaming 4K definitive.', FALSE, 50, 'VGID4090NV'),
('VGSN2025005', 1249.00, 'Scheda video MSI GeForce RTX 4080 Super EXPERT 16G, per gaming 4K ad alte prestazioni e ray tracing.', FALSE, 50, 'VGID4080SP'),
('VGSN2025006', 979.00, 'Scheda video GIGABYTE GeForce RTX 4070 Ti Super AORUS MASTER, eccellente per 1440p/4K e VRAM elevata.', FALSE, 50, 'VGID4070TS'),
('VGSN2025007', 749.00, 'Scheda video ASUS Dual GeForce RTX 4070 Super OC Edition, perfetto equilibrio per gaming 1440p.', FALSE, 50, 'VGID4070SP'),
('VGSN2025008', 449.00, 'Scheda video MSI GeForce RTX 4060 Ti GAMING X TRIO 8G, ottima per gaming 1080p e 1440p.', FALSE, 50, 'VGID4060T8'),
('VGSN2025009', 329.00, 'Scheda video GIGABYTE GeForce RTX 4060 EAGLE OC 8G, performance solida per gaming Full HD.', FALSE, 50, 'VGID4060NV'),
('VGSN2025010', 239.00, 'Scheda video ASUS Dual GeForce RTX 3050 OC Edition 6GB, entry-level efficiente per gaming 1080p.', FALSE, 50, 'VGID30506G'),
('VGSN2025011', 179.00, 'Scheda video MSI GeForce GTX 1650 D6 VENTUS XS OC, soluzione base per gaming leggero e sistemi compatti.', FALSE, 50, 'VGID1650GTX'),
('VGSN2025012', 119.00, 'Scheda video GIGABYTE GeForce GTX 1630 OC 4G, economica per sistemi HTPC e gaming molto leggero.', FALSE, 50, 'VGID1630GTX'),
('VGSN2025013', 1749.00, 'Scheda video SAPPHIRE NITRO+ Radeon RX 9070 XT, top di gamma AMD per gaming e produttività estrema.', FALSE, 50, 'VGID8900XTX'),
('VGSN2025014', 1199.00, 'Scheda video ASRock Aqua Radeon RX 9070, prestazioni elevate e raffreddamento avanzato per gaming 4K.', FALSE, 50, 'VGID8800XT'),
('VGSN2025015', 999.00, 'Scheda video SAPPHIRE NITRO+ Radeon RX 7900 XTX VAPOR-X 24G, eccellente per gaming 4K/8K.', FALSE, 50, 'VGID7900XTX'),
('VGSN2025016', 799.00, 'Scheda video ASUS TUF Gaming Radeon RX 7900 XT OC Edition, potente per il gaming in 4K.', FALSE, 50, 'VGID7900XT'),
('VGSN2025017', 569.00, 'Scheda video GIGABYTE Radeon RX 7800 XT GAMING OC 16G, l`ottima scelta per il 1440p ad alto refresh.', FALSE, 50, 'VGID7800XT'),
('VGSN2025018', 449.00, 'Scheda video ASRock Radeon RX 7700 XT Phantom Gaming OC, perfomance solida per gaming 1440p.', FALSE, 50, 'VGID7700XT'),
('VGSN2025019', 379.00, 'Scheda video SAPPHIRE PULSE Radeon RX 7600 XT 16GB, VRAM abbondante per gaming 1080p/1440p.', FALSE, 50, 'VGID7600X16'),
('VGSN2025020', 309.00, 'Scheda video ASUS Dual Radeon RX 7600 OC Edition, efficiente per gaming Full HD.', FALSE, 50, 'VGID7600AM'),
('VGSN2025021', 269.00, 'Scheda video MSI Radeon RX 6750 XT GAMING X TRIO 12G, ancora un`ottima scelta per gaming 1440p.', FALSE, 50, 'VGID6750XT'),
('VGSN2025022', 199.00, 'Scheda video GIGABYTE Radeon RX 6600 EAGLE 8G, valida per gaming 1080p.', FALSE, 50, 'VGID6600AM'),
('VGSN2025023', 139.00, 'Scheda video ASRock Radeon RX 6500 XT Phantom Gaming D 4GB OC, entry-level per gaming leggero.', FALSE, 50, 'VGID6500XT'),
('VGSN2025024', 99.00, 'Scheda video SAPPHIRE PULSE Radeon RX 6400 Low Profile, ideale per PC compatti e uso base.', FALSE, 50, 'VGID6400AM'),
('VGSN2025025', 389.00, 'Scheda video ASUS ROG Strix GeForce RTX 3060 OC Edition 12GB, perfetta per gaming 1080p/1440p con VRAM extra.', FALSE, 50, 'VGID306012G');


-- ARCHIVIAZIONE --
INSERT INTO Articolo (codiceIdentificativo, categoria, nome, dataUltimaPromozione, enteErogatore, disponibilita) VALUES
('SSD_SAM990P4T', 'Memoria Archiviazione', 'Samsung 990 PRO 4TB NVMe PCIe 4.0 SSD', '2025-07-17', 'Samsung', TRUE),
('SSD_SAM990P2T', 'Memoria Archiviazione', 'Samsung 990 PRO 2TB NVMe PCIe 4.0 SSD', '2025-07-17', 'Samsung', TRUE),
('SSD_SAM990P1T', 'Memoria Archiviazione', 'Samsung 990 PRO 1TB NVMe PCIe 4.0 SSD', '2025-07-17', 'Samsung', TRUE),
('SSD_SAM980P1T', 'Memoria Archiviazione', 'Samsung 980 PRO 1TB NVMe PCIe 4.0 SSD', '2025-07-17', 'Samsung', TRUE),
('SSD_SAM870E4T', 'Memoria Archiviazione', 'Samsung 870 EVO 4TB SATA III SSD', '2025-07-17', 'Samsung', TRUE),
('SSD_SAM870E2T', 'Memoria Archiviazione', 'Samsung 870 EVO 2TB SATA III SSD', '2025-07-17', 'Samsung', TRUE),
('SSD_SAM870E1T', 'Memoria Archiviazione', 'Samsung 870 EVO 1TB SATA III SSD', '2025-07-17', 'Samsung', TRUE),
('SSD_SKH_P412T', 'Memoria Archiviazione', 'SK Hynix Platinum P41 2TB NVMe PCIe 4.0 SSD', '2025-07-17', 'SK Hynix', TRUE),
('SSD_SKH_P411T', 'Memoria Archiviazione', 'SK Hynix Platinum P41 1TB NVMe PCIe 4.0 SSD', '2025-07-17', 'SK Hynix', TRUE),
('SSD_SKH_P312T', 'Memoria Archiviazione', 'SK Hynix Gold P31 2TB NVMe PCIe 3.0 SSD', '2025-07-17', 'SK Hynix', TRUE),
('SSD_SKH_P311T', 'Memoria Archiviazione', 'SK Hynix Gold P31 1TB NVMe PCIe 3.0 SSD', '2025-07-17', 'SK Hynix', TRUE),
('SSD_CRU_P5P2T', 'Memoria Archiviazione', 'Crucial P5 Plus 2TB NVMe PCIe 4.0 SSD', '2025-07-17', 'Crucial', TRUE),
('SSD_CRU_P5P1T', 'Memoria Archiviazione', 'Crucial P5 Plus 1TB NVMe PCIe 4.0 SSD', '2025-07-17', 'Crucial', TRUE),
('SSD_CRU_P3P4T', 'Memoria Archiviazione', 'Crucial P3 Plus 4TB NVMe PCIe 4.0 SSD', '2025-07-17', 'Crucial', TRUE),
('SSD_CRU_P3P2T', 'Memoria Archiviazione', 'Crucial P3 Plus 2TB NVMe PCIe 4.0 SSD', '2025-07-17', 'Crucial', TRUE),
('SSD_CRU_MX5004T', 'Memoria Archiviazione', 'Crucial MX500 4TB SATA III SSD', '2025-07-17', 'Crucial', TRUE),
('SSD_CRU_MX5002T', 'Memoria Archiviazione', 'Crucial MX500 2TB SATA III SSD', '2025-07-17', 'Crucial', TRUE),
('SSD_CRU_MX5001T', 'Memoria Archiviazione', 'Crucial MX500 1TB SATA III SSD', '2025-07-17', 'Crucial', TRUE),
('SSD_CRU_BX500500', 'Memoria Archiviazione', 'Crucial BX500 500GB SATA III SSD', '2025-07-17', 'Crucial', TRUE),
('SSD_COR_MP600P4T', 'Memoria Archiviazione', 'Corsair MP600 PRO LPX 4TB NVMe PCIe 4.0 SSD', '2025-07-17', 'Corsair', TRUE),
('SSD_COR_MP600P2T', 'Memoria Archiviazione', 'Corsair MP600 PRO LPX 2TB NVMe PCIe 4.0 SSD', '2025-07-17', 'Corsair', TRUE),
('SSD_COR_MP600C2T', 'Memoria Archiviazione', 'Corsair MP600 CORE XT 2TB NVMe PCIe 4.0 SSD', '2025-07-17', 'Corsair', TRUE),
('SSD_COR_MP600C1T', 'Memoria Archiviazione', 'Corsair MP600 CORE XT 1TB NVMe PCIe 4.0 SSD', '2025-07-17', 'Corsair', TRUE),
('SSD_COR_FORCE1T', 'Memoria Archiviazione', 'Corsair Force MP510 960GB NVMe PCIe 3.0 SSD', '2025-07-17', 'Corsair', TRUE),
('SSD_COR_CSSD240', 'Memoria Archiviazione', 'Corsair CSSD-F240GBGTX-B 240GB SATA III SSD', '2025-07-17', 'Corsair', TRUE);

INSERT INTO prodotto_fisico(seriale, prezzo, descrizione, isPreassemblato, quantitaMagazzino, codiceIdentificativo) VALUES
('SSDPF001', 499.99, 'SSD Samsung 990 PRO da 4TB, performance PCIe 4.0 di punta per gaming e workstation professionali.', FALSE, 50, 'SSD_SAM990P4T'),
('SSDPF002', 269.99, 'SSD Samsung 990 PRO da 2TB, velocità estreme e affidabilità per i carichi di lavoro più intensi.', FALSE, 50, 'SSD_SAM990P2T'),
('SSDPF003', 139.99, 'SSD Samsung 990 PRO da 1TB, ideale per avvio sistema e applicazioni esigenti con velocità elevate.', FALSE, 50, 'SSD_SAM990P1T'),
('SSDPF004', 99.99, 'SSD Samsung 980 PRO da 1TB, ottime prestazioni PCIe 4.0 ad un prezzo competitivo.', FALSE, 50, 'SSD_SAM980P1T'),
('SSDPF005', 359.99, 'SSD Samsung 870 EVO da 4TB, ampio spazio e performance SATA affidabili per storage di massa.', FALSE, 50, 'SSD_SAM870E4T'),
('SSDPF006', 179.99, 'SSD Samsung 870 EVO da 2TB, eccellente per aggiornamenti di laptop e desktop con interfaccia SATA.', FALSE, 50, 'SSD_SAM870E2T'),
('SSDPF007', 94.99, 'SSD Samsung 870 EVO da 1TB, un classico per l`aggiornamento, velocità e stabilità garantite.', FALSE, 50, 'SSD_SAM870E1T'),
('SSDPF008', 219.99, 'SSD SK Hynix Platinum P41 da 2TB, leader per velocità di lettura/scrittura sequenziale.', FALSE, 50, 'SSD_SKH_P412T'),
('SSDPF009', 124.99, 'SSD SK Hynix Platinum P41 da 1TB, perfetto per carichi di lavoro intensi e gaming.', FALSE, 50, 'SSD_SKH_P411T'),
('SSDPF010', 169.99, 'SSD SK Hynix Gold P31 da 2TB, ottimo rapporto qualità-prezzo per PCIe 3.0 ad alta efficienza.', FALSE, 50, 'SSD_SKH_P312T'),
('SSDPF011', 89.99, 'SSD SK Hynix Gold P31 da 1TB, performance solide per sistemi che supportano PCIe 3.0.', FALSE, 50, 'SSD_SKH_P311T'),
('SSDPF012', 199.99, 'SSD Crucial P5 Plus da 2TB, bilanciamento ideale tra prezzo, performance PCIe 4.0 e affidabilità.', FALSE, 50, 'SSD_CRU_P5P2T'),
('SSDPF013', 109.99, 'SSD Crucial P5 Plus da 1TB, un`opzione versatile per migliorare le prestazioni del PC.', FALSE, 50, 'SSD_CRU_P5P1T'),
('SSDPF014', 289.99, 'SSD Crucial P3 Plus da 4TB, enorme capacità PCIe 4.0 per archiviare tutti i tuoi dati.', FALSE, 50, 'SSD_CRU_P3P4T'),
('SSDPF015', 159.99, 'SSD Crucial P3 Plus da 2TB, conveniente per espandere lo storage NVMe senza compromessi.', FALSE, 50, 'SSD_CRU_P3P2T'),
('SSDPF016', 299.99, 'SSD Crucial MX500 da 4TB SATA III, il massimo della capacità per gli SSD SATA.', FALSE, 50, 'SSD_CRU_MX5004T'),
('SSDPF017', 129.99, 'SSD Crucial MX500 da 2TB SATA III, affidabile e con grande spazio per gaming e lavoro.', FALSE, 50, 'SSD_CRU_MX5002T'),
('SSDPF018', 74.99, 'SSD Crucial MX500 da 1TB SATA III, un classico per un upgrade performante e duraturo.', FALSE, 50, 'SSD_CRU_MX5001T'),
('SSDPF019', 49.99, 'SSD Crucial BX500 da 500GB SATA III, soluzione economica per un`accelerazione del sistema.', FALSE, 50, 'SSD_CRU_BX500500'),
('SSDPF020', 449.99, 'SSD Corsair MP600 PRO LPX da 4TB, alta capacità e dissipazione per prestazioni top-tier.', FALSE, 50, 'SSD_COR_MP600P4T'),
('SSDPF021', 249.99, 'SSD Corsair MP600 PRO LPX da 2TB, ideale per build da gaming di fascia alta.', FALSE, 50, 'SSD_COR_MP600P2T'),
('SSDPF022', 149.99, 'SSD Corsair MP600 CORE XT da 2TB, ottimo rapporto qualità-prezzo per un PCIe 4.0 di grande capacità.', FALSE, 50, 'SSD_COR_MP600C2T'),
('SSDPF023', 89.99, 'SSD Corsair MP600 CORE XT da 1TB, entry point per il mondo PCIe 4.0 con buone velocità.', FALSE, 50, 'SSD_COR_MP600C1T'),
('SSDPF024', 69.99, 'SSD Corsair Force MP510 da 960GB, performance PCIe 3.0 elevate e spazio abbondante.', FALSE, 50, 'SSD_COR_FORCE1T'),
('SSDPF025', 29.99, 'SSD Corsair CSSD-F240GBGTX-B da 240GB SATA III, perfetto per avvio del sistema e applicazioni base.', FALSE, 50, 'SSD_COR_CSSD240');

-- CASE-- 

INSERT INTO Articolo (codiceIdentificativo, categoria, nome, dataUltimaPromozione, enteErogatore, disponibilita) VALUES
('CASE_CMHAF700', 'Case PC', 'Cooler Master HAF 700 EVO', '2025-07-17', 'Cooler Master', TRUE),
('CASE_COR7000D', 'Case PC', 'Corsair iCUE 7000D AIRFLOW', '2025-07-17', 'Corsair', TRUE),
('CASE_LIO11XL', 'Case PC', 'Lian Li O11D EVO XL', '2025-07-17', 'Lian Li', TRUE),
('CASE_FDMESH2XL', 'Case PC', 'Fractal Design Meshify 2 XL', '2025-07-17', 'Fractal Design', TRUE),
('CASE_NZXTH9', 'Case PC', 'NZXT H9 Flow', '2025-07-17', 'NZXT', TRUE),
('CASE_LIO11EVO', 'Case PC', 'Lian Li O11 Dynamic EVO', '2025-07-17', 'Lian Li', TRUE),
('CASE_FDTORRENT', 'Case PC', 'Fractal Design Torrent', '2025-07-17', 'Fractal Design', TRUE),
('CASE_COR5000RGB', 'Case PC', 'Corsair 5000D RGB AIRFLOW', '2025-07-17', 'Corsair', TRUE),
('CASE_NZXTH7', 'Case PC', 'NZXT H7 Flow', '2025-07-17', 'NZXT', TRUE),
('CASE_LILANCOOL3', 'Case PC', 'Lian Li Lancool III', '2025-07-17', 'Lian Li', TRUE),
('CASE_FDNORTH', 'Case PC', 'Fractal Design North Charcoal Black', '2025-07-17', 'Fractal Design', TRUE),
('CASE_BEQ500DX', 'Case PC', 'be quiet! Pure Base 500DX', '2025-07-17', 'be quiet!', TRUE),
('CASE_CMTD500V2', 'Case PC', 'Cooler Master MasterBox TD500 Mesh V2', '2025-07-17', 'Cooler Master', TRUE),
('CASE_PHEG360A', 'Case PC', 'Phanteks Eclipse G360A', '2025-07-17', 'Phanteks', TRUE),
('CASE_COR4000D', 'Case PC', 'Corsair 4000D AIRFLOW', '2025-07-17', 'Corsair', TRUE),
('CASE_MON903MAX', 'Case PC', 'Montech AIR 903 MAX', '2025-07-17', 'Montech', TRUE),
('CASE_ASUSAP201', 'Case PC', 'ASUS Prime AP201', '2025-07-17', 'ASUS', TRUE),
('CASE_JONSBD30', 'Case PC', 'Jonsbo D30 Black', '2025-07-17', 'Jonsbo', TRUE),
('CASE_CMNR200P', 'Case PC', 'Cooler Master NR200P', '2025-07-17', 'Cooler Master', TRUE),
('CASE_FDRIDGE', 'Case PC', 'Fractal Design Ridge', '2025-07-17', 'Fractal Design', TRUE);

INSERT INTO prodotto_fisico(seriale, prezzo, descrizione, isPreassemblato, quantitaMagazzino, codiceIdentificativo) VALUES

('CASE_PF_CMHAF700', 449.99, 'Case E-ATX Cooler Master HAF 700 EVO, Full Tower con design futuristico e raffreddamento estremo.', FALSE, 50, 'CASE_CMHAF700'),
('CASE_PF_COR7000D', 299.99, 'Case E-ATX Corsair iCUE 7000D AIRFLOW, Full Tower con eccellente flusso d`aria e ampio spazio per custom loop.', FALSE, 50, 'CASE_COR7000D'),
('CASE_PF_LIO11XL', 249.99, 'Case E-ATX Lian Li O11D EVO XL, versione espansa del popolare O11 Dynamic, perfetto per raffreddamento a liquido.', FALSE, 50, 'CASE_LIO11XL'),
('CASE_PF_FDMESH2XL', 229.99, 'Case E-ATX Fractal Design Meshify 2 XL, offre flessibilità eccezionale e airflow massimizzato per build estreme.', FALSE, 50, 'CASE_FDMESH2XL'),
('CASE_PF_NZXTH9', 169.99, 'Case ATX NZXT H9 Flow, design a doppia camera con pannelli in vetro, ottimizzato per il flusso d`aria.', FALSE, 50, 'CASE_NZXTH9'),
('CASE_PF_LIO11EVO', 164.99, 'Case ATX Lian Li O11 Dynamic EVO, iconico design a doppia camera, estremamente modulare e versatile.', FALSE, 50, 'CASE_LIO11EVO'),
('CASE_PF_FDTORRENT', 219.99, 'Case ATX Fractal Design Torrent, design unico orientato al massimo flusso d`aria con grandi ventole frontali.', FALSE, 50, 'CASE_FDTORRENT'),
('CASE_PF_COR5000RGB', 159.99, 'Case ATX Corsair 5000D RGB AIRFLOW, eccellente flusso d`aria con ventole RGB preinstallate e gestione cavi ottimale.', FALSE, 50, 'CASE_COR5000RGB'),
('CASE_PF_NZXTH7', 129.99, 'Case ATX NZXT H7 Flow, design pulito con pannello frontale forato per un buon airflow.', FALSE, 50, 'CASE_NZXTH7'),
('CASE_PF_LILANCOOL3', 149.99, 'Case ATX Lian Li Lancool III, pensato per il flusso d`aria, ottimo per configurazioni ad alte prestazioni.', FALSE, 50, 'CASE_LILANCOOL3'),
('CASE_PF_FDNORTH', 139.99, 'Case ATX Fractal Design North Charcoal Black, unisce legno e mesh per un look elegante e buon airflow.', FALSE, 50, 'CASE_FDNORTH'),
('CASE_PF_BEQ500DX', 109.99, 'Case ATX be quiet! Pure Base 500DX, silenzioso, ottimo flusso d`aria e illuminazione ARGB discreta.', FALSE, 50, 'CASE_BEQ500DX'),
('CASE_PF_CMTD500V2', 99.99, 'Case ATX Cooler Master MasterBox TD500 Mesh V2, estetica aggressiva e flusso d`aria eccellente grazie al pannello mesh.', FALSE, 50, 'CASE_CMTD500V2'),
('CASE_PF_PHEG360A', 89.99, 'Case ATX Phanteks Eclipse G360A, compatto e orientato all`airflow con pannello frontale in mesh e RGB.', FALSE, 50, 'CASE_PHEG360A'),
('CASE_PF_COR4000D', 84.99, 'Case ATX Corsair 4000D AIRFLOW, design minimalista e prestazioni termiche solide, molto popolare.', FALSE, 50, 'CASE_COR4000D'),
('CASE_PF_MON903MAX', 74.99, 'Case ATX Montech AIR 903 MAX, un`opzione economica con ottimo airflow e ventole preinstallate.', FALSE, 50, 'CASE_MON903MAX'),
('CASE_PF_ASUSAP201', 79.99, 'Case Micro-ATX ASUS Prime AP201, compatto ma spazioso con eccellente airflow e pannelli a rete.', FALSE, 50, 'CASE_ASUSAP201'),
('CASE_PF_JONSBD30', 89.99, 'Case Micro-ATX Jonsbo D30 Black, design elegante e compatto, ideale per build piccole e potenti.', FALSE, 50, 'CASE_JONSBD30'),
('CASE_PF_CMNR200P', 119.99, 'Case Mini-ITX Cooler Master NR200P, il riferimento per build SFF (Small Form Factor) performanti.', FALSE, 50, 'CASE_CMNR200P'),
('CASE_PF_FDRIDGE', 134.99, 'Case Mini-ITX Fractal Design Ridge, design sottile e da salotto, perfetto per HTPC e gaming compatto.', FALSE, 50, 'CASE_FDRIDGE');

-- ALIMENTATORI --

INSERT INTO Articolo (codiceIdentificativo, categoria, nome, dataUltimaPromozione, enteErogatore, disponibilita) VALUES
-- 500W 
('PSU_CORRM550X', 'Alimentatore', 'Corsair RM550x', '2025-07-17', 'Corsair', TRUE),
('PSU_BEQPP12M500', 'Alimentatore', 'be quiet! Pure Power 12 M 500W', '2025-07-17', 'be quiet!', TRUE),
('PSU_SEAFOCUSG550', 'Alimentatore', 'Seasonic Focus Plus Gold 550W', '2025-07-17', 'Seasonic', TRUE),
('PSU_CMMWEG550V2', 'Alimentatore', 'Cooler Master MWE Gold 550 V2 Full Modular', '2025-07-17', 'Cooler Master', TRUE),
-- 750W
('PSU_CORRM750E', 'Alimentatore', 'Corsair RM750e', '2025-07-17', 'Corsair', TRUE),
('PSU_MSIMAG750GL', 'Alimentatore', 'MSI MAG A750GL PCIE5', '2025-07-17', 'MSI', TRUE),
('PSU_EVGA750G6', 'Alimentatore', 'EVGA SuperNOVA 750 G6', '2025-07-17', 'EVGA', TRUE),
('PSU_SEAFOCUSGX750', 'Alimentatore', 'Seasonic FOCUS GX-750', '2025-07-17', 'Seasonic', TRUE),
-- 850W
('PSU_CORRM850X', 'Alimentatore', 'Corsair RM850x', '2025-07-17', 'Corsair', TRUE),
('PSU_BEQPP12M850', 'Alimentatore', 'be quiet! Pure Power 12 M 850W', '2025-07-17', 'be quiet!', TRUE),
('PSU_CMMWEG850V2', 'Alimentatore', 'Cooler Master MWE Gold 850 V2 Full Modular', '2025-07-17', 'Cooler Master', TRUE),
('PSU_EVGA850G6', 'Alimentatore', 'EVGA SuperNOVA 850 G6', '2025-07-17', 'EVGA', TRUE),
-- 1000W
('PSU_CORRM1000E', 'Alimentatore', 'Corsair RM1000e', '2025-07-17', 'Corsair', TRUE),
('PSU_MSIMAG1000P', 'Alimentatore', 'MSI MEG Ai1000P PCIE5', '2025-07-17', 'MSI', TRUE),
('PSU_SEAPRIMETX1000', 'Alimentatore', 'Seasonic PRIME TX-1000', '2025-07-17', 'Seasonic', TRUE),
('PSU_BEQDP131000', 'Alimentatore', 'be quiet! Dark Power 13 1000W', '2025-07-17', 'be quiet!', TRUE),
-- 1200W
('PSU_CORHX1200', 'Alimentatore', 'Corsair HX1200', '2025-07-17', 'Corsair', TRUE),
('PSU_EVGA1200P2', 'Alimentatore', 'EVGA SuperNOVA 1200 P2', '2025-07-17', 'EVGA', TRUE),
-- 1500W
('PSU_CORHX1500I', 'Alimentatore', 'Corsair HX1500i', '2025-07-17', 'Corsair', TRUE),
('PSU_SEAPRIMETX1500', 'Alimentatore', 'Seasonic PRIME TX-1500', '2025-07-17', 'Seasonic', TRUE);

INSERT INTO prodotto_fisico(seriale, prezzo, descrizione, isPreassemblato, quantitaMagazzino, codiceIdentificativo) VALUES
-- 500W 
('PSU_PF_CORRM550X', 89.99, 'Alimentatore Corsair RM550x, 550W 80 PLUS Gold, modulare e silenzioso, ideale per build di fascia media.', FALSE, 50, 'PSU_CORRM550X'),
('PSU_PF_BEQPP12M500', 74.99, 'Alimentatore be quiet! Pure Power 12 M 500W 80 PLUS Gold, completamente modulare, silenzioso e affidabile.', FALSE, 50, 'PSU_BEQPP12M500'),
('PSU_PF_SEAFOCUSG550', 84.99, 'Alimentatore Seasonic Focus Plus Gold 550W, modulare e compatto, ottimo per sistemi affidabili.', FALSE, 50, 'PSU_SEAFOCUSG550'),
('PSU_PF_CMMWEG550V2', 69.99, 'Alimentatore Cooler Master MWE Gold 550 V2, Full Modular 80 PLUS Gold, buona efficienza per budget contenuti.', FALSE, 50, 'PSU_CMMWEG550V2'),
-- 750W
('PSU_PF_CORRM750E', 109.99, 'Alimentatore Corsair RM750e, 750W 80 PLUS Gold, compatto, silenzioso e compatibile con le moderne GPU.', FALSE, 50, 'PSU_CORRM750E'),
('PSU_PF_MSIMAG750GL', 119.99, 'Alimentatore MSI MAG A750GL PCIE5, 750W 80 PLUS Gold, modulare e pronto per le schede video di nuova generazione.', FALSE, 50, 'PSU_MSIMAG750GL'),
('PSU_PF_EVGA750G6', 129.99, 'Alimentatore EVGA SuperNOVA 750 G6, 750W 80 PLUS Gold, completamente modulare, design compatto e alta qualità.', FALSE, 50, 'PSU_EVGA750G6'),
('PSU_PF_SEAFOCUSGX750', 114.99, 'Alimentatore Seasonic FOCUS GX-750, 750W 80 PLUS Gold, affidabile e performante per gaming e produttività.', FALSE, 50, 'PSU_SEAFOCUSGX750'),
-- 850W
('PSU_PF_CORRM850X', 139.99, 'Alimentatore Corsair RM850x, 850W 80 PLUS Gold, alta qualità e silenziosità per sistemi di fascia alta.', FALSE, 50, 'PSU_CORRM850X'),
('PSU_PF_BEQPP12M850', 124.99, 'Alimentatore be quiet! Pure Power 12 M 850W, 80 PLUS Gold, completamente modulare, potenza e silenzio.', FALSE, 50, 'PSU_BEQPP12M850'),
('PSU_PF_CMMWEG850V2', 99.99, 'Alimentatore Cooler Master MWE Gold 850 V2, 850W Full Modular 80 PLUS Gold, ottimo valore per la potenza offerta.', FALSE, 50, 'PSU_CMMWEG850V2'),
('PSU_PF_EVGA850G6', 149.99, 'Alimentatore EVGA SuperNOVA 850 G6, 850W 80 PLUS Gold, affidabilità top-tier e cavi modulari.', FALSE, 50, 'PSU_EVGA850G6'),
-- 1000W
('PSU_PF_CORRM1000E', 159.99, 'Alimentatore Corsair RM1000e, 1000W 80 PLUS Gold, certificato ATX 3.0, ideale per le GPU di ultima generazione.', FALSE, 50, 'PSU_CORRM1000E'),
('PSU_PF_MSIMAG1000P', 189.99, 'Alimentatore MSI MEG Ai1000P PCIE5, 1000W 80 PLUS Platinum, ATX 3.0 e PCIe 5.0, per configurazioni estreme.', FALSE, 50, 'PSU_MSIMAG1000P'),
('PSU_PF_SEAPRIMETX1000', 219.99, 'Alimentatore Seasonic PRIME TX-1000, 1000W 80 PLUS Titanium, efficienza massima e qualità costruttiva premium.', FALSE, 50, 'PSU_SEAPRIMETX1000'),
('PSU_PF_BEQDP131000', 209.99, 'Alimentatore be quiet! Dark Power 13 1000W 80 PLUS Titanium, silenzioso e performante, per i sistemi più esigenti.', FALSE, 50, 'PSU_BEQDP131000'),
-- 1200W
('PSU_PF_CORHX1200', 249.99, 'Alimentatore Corsair HX1200, 1200W 80 PLUS Platinum, modulare, ideale per workstation e build multi-GPU.', FALSE, 50, 'PSU_CORHX1200'),
('PSU_PF_EVGA1200P2', 269.99, 'Alimentatore EVGA SuperNOVA 1200 P2, 1200W 80 PLUS Platinum, altissima efficienza e stabilità per overclock.', FALSE, 50, 'PSU_EVGA1200P2'),
-- 1500W
('PSU_PF_CORHX1500I', 359.99, 'Alimentatore Corsair HX1500i, 1500W 80 PLUS Platinum, controllabile via software, potenza estrema per super-build.', FALSE, 50, 'PSU_CORHX1500I'),
('PSU_PF_SEAPRIMETX1500', 389.99, 'Alimentatore Seasonic PRIME TX-1500, 1500W 80 PLUS Titanium, l`apice dell`efficienza e delle prestazioni per i sistemi più potenti.', FALSE, 50, 'PSU_SEAPRIMETX1500');

-- PROCESSORI AMD--
INSERT INTO processore(nomecompleto, marca, socket, datarilascio, Watt) VALUES
('AMD Ryzen 9 3950X', 'AMD', 'AM4', '2019-11-25', 105),
('AMD Ryzen 9 3900X', 'AMD', 'AM4', '2019-07-07', 105),
('AMD Ryzen 7 3700X', 'AMD', 'AM4', '2019-07-07', 65),
('AMD Ryzen 5 3600', 'AMD', 'AM4', '2019-07-07', 65),
('AMD Ryzen 3 3300X', 'AMD', 'AM4', '2020-04-21', 65),
('AMD Ryzen 9 5950X', 'AMD', 'AM4', '2020-11-05', 105),
('AMD Ryzen 9 5900X', 'AMD', 'AM4', '2020-11-05', 105),
('AMD Ryzen 7 5800X3D', 'AMD', 'AM4', '2022-04-20', 105),
('AMD Ryzen 7 5700X', 'AMD', 'AM4', '2022-04-04', 65),
('AMD Ryzen 5 5600X', 'AMD', 'AM4', '2020-11-05', 65),
('AMD Ryzen 5 5600', 'AMD', 'AM4', '2022-04-04', 65),
('AMD Ryzen 7 5700X3D', 'AMD', 'AM4', '2024-01-08', 105),
('AMD Ryzen 5 5500X3D', 'AMD', 'AM4', '2025-06-05', 105),
('AMD Ryzen 9 7950X3D', 'AMD', 'AM5', '2023-02-28', 120),
('AMD Ryzen 9 7950X', 'AMD', 'AM5', '2022-09-27', 170),
('AMD Ryzen 9 7900X3D', 'AMD', 'AM5', '2023-02-28', 120),
('AMD Ryzen 9 7900X', 'AMD', 'AM5', '2022-09-27', 170),
('AMD Ryzen 7 7800X3D', 'AMD', 'AM5', '2023-04-06', 120),
('AMD Ryzen 7 7700X', 'AMD', 'AM5', '2022-09-27', 105),
('AMD Ryzen 7 7700', 'AMD', 'AM5', '2023-01-10', 65),
('AMD Ryzen 5 7600X', 'AMD', 'AM5', '2022-09-27', 105),
('AMD Ryzen 5 7500F', 'AMD', 'AM5', '2023-07-22', 65),
('AMD Ryzen 9 9950X', 'AMD', 'AM5', '2024-07-31', 170),
('AMD Ryzen 9 9900X', 'AMD', 'AM5', '2024-07-31', 120),
('AMD Ryzen 9 9950X3D', 'AMD', 'AM5', '2025-03-12', 170),
('AMD Ryzen 7 9800X3D', 'AMD', 'AM5', '2024-11-07', 120),
('AMD Ryzen 5 9600X', 'AMD', 'AM5', '2024-07-31', 65),
('AMD Ryzen 5 9600X3D', 'AMD', 'AM5', '2025-06-20', 65);

-- INTEL --
INSERT INTO processore(nomecompleto, marca, socket, datarilascio, Watt) VALUES
('Intel Core Ultra 9 Processor 285K 24C 24T 5.70 GHz', 'Intel', 'LGA 1851', '2024-10-01', 125),
('Intel Core Ultra 7 Processor 265K 20C 20T 5.50 GHz', 'Intel', 'LGA 1851', '2024-10-24', 125),
('Intel Core i9-14900KS', 'Intel', 'LGA 1700', '2024-01-09', 150),
('Intel Core i9-14900K', 'Intel', 'LGA 1700', '2023-10-17', 125),
('Intel Core i9-13900K', 'Intel', 'LGA 1700', '2022-09-04', 125),
('Intel Core i9-12900KS', 'Intel', 'LGA 1700', '2022-04-05', 150),
('Intel Core i9-12900K', 'Intel', 'LGA 1700', '2021-11-04', 125),
('Intel Core i7-14700K', 'Intel', 'LGA 1700', '2023-10-17', 125),
('Intel Core i7-12700K', 'Intel', 'LGA 1700', '2021-11-04', 125),
('Intel Core Ultra 9 Processor 285 24C 24T 5.60 GHz', 'Intel', 'LGA 1851', '2025-01-01', 65),
('Intel Core Ultra 7 Processor 265 20C 20T 5.30 GHz', 'Intel', 'LGA 1851', '2025-01-01', 65),
('Intel Core Ultra 5 Processor 245K 14C 14T 5.20 GHz', 'Intel', 'LGA 1851', '2024-10-01', 125),
('Intel Core Ultra 5 Processor 245 14C 14T 5.10 GHz', 'Intel', 'LGA 1851', '2025-01-06', 65),
('Intel Core i9-14900', 'Intel', 'LGA 1700', '2024-01-09', 65),
('Intel Core i9-12900', 'Intel', 'LGA 1700', '2021-11-04', 65),
('Intel Core i7-14700', 'Intel', 'LGA 1700', '2024-01-09', 65),
('Intel Core i7-14700F', 'Intel', 'LGA 1700', '2024-01-09', 65),
('Intel Core i7-12700', 'Intel', 'LGA 1700', '2022-01-04', 65),
('Intel Core i7-12700F', 'Intel', 'LGA 1700', '2022-01-04', 65),
('Intel Core i5-14600K', 'Intel', 'LGA 1700', '2023-10-01', 125),
('Intel Core i5-14400', 'Intel', 'LGA 1700', '2024-01-01', 65),
('Intel Core i5-14400F', 'Intel', 'LGA 1700', '2024-01-01', 65),
('Intel Core i5-13600K', 'Intel', 'LGA 1700', '2022-10-20', 125),
('Intel Core i5-13600KF', 'Intel', 'LGA 1700', '2022-10-20', 125),
('Intel Core i5-14500', 'Intel', 'LGA 1700', '2024-01-01', 65),
('Intel Core Ultra 7 Processor 265T 20C 20T 5.30 GHz', 'Intel', 'LGA 1851', '2025-01-01', 35),
('Intel Core Ultra 5 Processor 235T 14C 14T 5.00 GHz', 'Intel', 'LGA 1851', '2025-01-07', 35),
('Intel Core i3-14100', 'Intel', 'LGA 1700', '2024-01-01', 60),
('Intel Core i3-14100F', 'Intel', 'LGA 1700', '2024-01-01', 58),
('Intel Core i9-12900T', 'Intel', 'LGA 1700', '2022-01-04', 35),
('Intel Core i7-12700T', 'Intel', 'LGA 1700', '2022-01-04', 35),
('Intel Core i5-14500T', 'Intel', 'LGA 1700', '2024-01-01', 35),
('Intel Core i5-14400T', 'Intel', 'LGA 1700', '2024-01-01', 35),
('Intel Processor 300', 'Intel', 'LGA 1700', '2024-01-08', 46);


INSERT INTO Articolo (codiceIdentificativo, categoria, nome, dataUltimaPromozione, enteErogatore, disponibilita) VALUES
('INTCU9285K', 'Processore', 'Intel Core Ultra 9 Processor 285K 24C 24T 5.70 GHz', '2025-07-17', 'Intel', TRUE),
('INTCU7265K', 'Processore', 'Intel Core Ultra 7 Processor 265K 20C 20T 5.50 GHz', '2025-07-17', 'Intel', TRUE),
('INTCI914900KS', 'Processore', 'Intel Core i9-14900KS', '2025-07-17', 'Intel', TRUE),
('INTCI914900K', 'Processore', 'Intel Core i9-14900K', '2025-07-17', 'Intel', TRUE),
('INTCI913900K', 'Processore', 'Intel Core i9-13900K', '2025-07-17', 'Intel', TRUE),
('INTCI912900KS', 'Processore', 'Intel Core i9-12900KS', '2025-07-17', 'Intel', TRUE),
('INTCI912900K', 'Processore', 'Intel Core i9-12900K', '2025-07-17', 'Intel', TRUE),
('INTCI714700K', 'Processore', 'Intel Core i7-14700K', '2025-07-17', 'Intel', TRUE),
('INTCI712700K', 'Processore', 'Intel Core i7-12700K', '2025-07-17', 'Intel', TRUE),
('INTCU9285', 'Processore', 'Intel Core Ultra 9 Processor 285 24C 24T 5.60 GHz', '2025-07-17', 'Intel', TRUE),
('INTCU7265', 'Processore', 'Intel Core Ultra 7 Processor 265 20C 20T 5.30 GHz', '2025-07-17', 'Intel', TRUE),
('INTCU5245K', 'Processore', 'Intel Core Ultra 5 Processor 245K 14C 14T 5.20 GHz', '2025-07-17', 'Intel', TRUE),
('INTCU5245', 'Processore', 'Intel Core Ultra 5 Processor 245 14C 14T 5.10 GHz', '2025-07-17', 'Intel', TRUE),
('INTCI914900', 'Processore', 'Intel Core i9-14900', '2025-07-17', 'Intel', TRUE),
('INTCI912900', 'Processore', 'Intel Core i9-12900', '2025-07-17', 'Intel', TRUE),
('INTCI714700', 'Processore', 'Intel Core i7-14700', '2025-07-17', 'Intel', TRUE),
('INTCI714700F', 'Processore', 'Intel Core i7-14700F', '2025-07-17', 'Intel', TRUE),
('INTCI712700', 'Processore', 'Intel Core i7-12700', '2025-07-17', 'Intel', TRUE),
('INTCI712700F', 'Processore', 'Intel Core i7-12700F', '2025-07-17', 'Intel', TRUE),
('INTCI514600K', 'Processore', 'Intel Core i5-14600K', '2025-07-17', 'Intel', TRUE),
('INTCI514400', 'Processore', 'Intel Core i5-14400', '2025-07-17', 'Intel', TRUE),
('INTCI514400F', 'Processore', 'Intel Core i5-14400F', '2025-07-17', 'Intel', TRUE),
('INTCI513600K', 'Processore', 'Intel Core i5-13600K', '2025-07-17', 'Intel', TRUE),
('INTCI513600KF', 'Processore', 'Intel Core i5-13600KF', '2025-07-17', 'Intel', TRUE),
('INTCI514500', 'Processore', 'Intel Core i5-14500', '2025-07-17', 'Intel', TRUE),
('INTCU7265T', 'Processore', 'Intel Core Ultra 7 Processor 265T 20C 20T 5.30 GHz', '2025-07-17', 'Intel', TRUE),
('INTCU5235T', 'Processore', 'Intel Core Ultra 5 Processor 235T 14C 14T 5.00 GHz', '2025-07-17', 'Intel', TRUE),
('INTCI314100', 'Processore', 'Intel Core i3-14100', '2025-07-17', 'Intel', TRUE),
('INTCI314100F', 'Processore', 'Intel Core i3-14100F', '2025-07-17', 'Intel', TRUE),
('INTCI912900T', 'Processore', 'Intel Core i9-12900T', '2025-07-17', 'Intel', TRUE),
('INTCI712700T', 'Processore', 'Intel Core i7-12700T', '2025-07-17', 'Intel', TRUE),
('INTCI514500T', 'Processore', 'Intel Core i5-14500T', '2025-07-17', 'Intel', TRUE),
('INTCI514400T', 'Processore', 'Intel Core i5-14400T', '2025-07-17', 'Intel', TRUE),
('INTPROC300', 'Processore', 'Intel Processor 300', '2025-07-17', 'Intel', TRUE);



INSERT INTO prodotto_fisico (seriale, prezzo, descrizione, isPreassemblato, quantitaMagazzino, codiceIdentificativo) VALUES
('PROC-U9-285K-001', 650.00, 'Processore Intel Core Ultra 9 Processor 285K, 24 Core, prestazioni di alto livello per enthusiast (stima lancio Q4 2024).', FALSE, 50, 'INTCU9285K'),
('PROC-U7-265K-001', 500.00, 'Processore Intel Core Ultra 7 Processor 265K, 20 Core, potente per gaming e creazione di contenuti (stima lancio Q4 2024).', FALSE, 50, 'INTCU7265K'),
('PROC-I9-14900KS-001', 600.00, 'Processore Intel Core i9-14900KS, 24 Core, frequenze estreme per il gaming competitivo e carichi pesanti.', FALSE, 50, 'INTCI914900KS'),
('PROC-I9-14900K-001', 550.00, 'Processore Intel Core i9-14900K, 24 Core, prestazioni di punta per ogni tipo di utilizzo, sbloccato per overclock.', FALSE, 50, 'INTCI914900K'),
('PROC-I9-13900K-001', 450.00, 'Processore Intel Core i9-13900K, 24 Core, eccellente per gaming e workstation, con architettura ibrida.', FALSE, 50, 'INTCI913900K'),
('PROC-I9-12900KS-001', 400.00, 'Processore Intel Core i9-12900KS, 16 Core, alte prestazioni per il gaming e attività esigenti.', FALSE, 50, 'INTCI912900KS'),
('PROC-I9-12900K-001', 350.00, 'Processore Intel Core i9-12900K, 16 Core, bilanciato per gioco e lavoro, con prestazioni robuste.', FALSE, 50, 'INTCI912900K'),
('PROC-I7-14700K-001', 400.00, 'Processore Intel Core i7-14700K, 20 Core, ottimo per il gaming e multitasking intensivo.', FALSE, 50, 'INTCI714700K'),
('PROC-I7-12700K-001', 280.00, 'Processore Intel Core i7-12700K, 12 Core, prestazioni solide per il daily use e gaming.', FALSE, 50, 'INTCI712700K'),
('PROC-U9-285-001', 500.00, 'Processore Intel Core Ultra 9 Processor 285, 24 Core, efficiente per workstation mobile e desktop (stima lancio 2025).', FALSE, 50, 'INTCU9285'),
('PROC-U7-265-001', 380.00, 'Processore Intel Core Ultra 7 Processor 265, 20 Core, buon equilibrio tra potenza e consumo (stima lancio 2025).', FALSE, 50, 'INTCU7265'),
('PROC-U5-245K-001', 320.00, 'Processore Intel Core Ultra 5 Processor 245K, 14 Core, sbloccato per overclocking (stima lancio Q4 2024).', FALSE, 50, 'INTCU5245K'),
('PROC-U5-245-001', 270.00, 'Processore Intel Core Ultra 5 Processor 245, 14 Core, per sistemi bilanciati e performanti (stima lancio 2025).', FALSE, 50, 'INTCU5245'),
('PROC-I9-14900-001', 450.00, 'Processore Intel Core i9-14900, 24 Core, versione non-K per sistemi preassemblati o desktop.', FALSE, 50, 'INTCI914900'),
('PROC-I9-12900-001', 290.00, 'Processore Intel Core i9-12900, 16 Core, per performance affidabili in un range di applicazioni.', FALSE, 50, 'INTCI912900'),
('PROC-I7-14700-001', 350.00, 'Processore Intel Core i7-14700, 20 Core, potente per gaming e applicazioni professionali.', FALSE, 50, 'INTCI714700'),
('PROC-I7-14700F-001', 330.00, 'Processore Intel Core i7-14700F, 20 Core, senza grafica integrata, ideale per sistemi con GPU dedicata.', FALSE, 50, 'INTCI714700F'),
('PROC-I7-12700-001', 220.00, 'Processore Intel Core i7-12700, 12 Core, performante per l\'uso quotidiano e multitasking.', FALSE, 50, 'INTCI712700'),
('PROC-I7-12700F-001', 200.00, 'Processore Intel Core i7-12700F, 12 Core, ideale per gaming con scheda video dedicata e build economiche.', FALSE, 50, 'INTCI712700F'),
('PROC-I5-14600K-001', 250.00, 'Processore Intel Core i5-14600K, 14 Core, sbloccato per overclock, ottimo per gaming e produttività.', FALSE, 50, 'INTCI514600K'),
('PROC-I5-14400-001', 190.00, 'Processore Intel Core i5-14400, 10 Core, buon rapporto qualità-prezzo per sistemi mainstream.', FALSE, 50, 'INTCI514400'),
('PROC-I5-14400F-001', 170.00, 'Processore Intel Core i5-14400F, 10 Core, versione senza grafica integrata, economica per il gaming.', FALSE, 50, 'INTCI514400F'),
('PROC-I5-13600K-001', 270.00, 'Processore Intel Core i5-13600K, 14 Core, sbloccato per alte prestazioni nel gaming e nelle applicazioni.', FALSE, 50, 'INTCI513600K'),
('PROC-I5-13600KF-001', 250.00, 'Processore Intel Core i5-13600KF, 14 Core, senza grafica integrata, per gamer esigenti.', FALSE, 50, 'INTCI513600KF'),
('PROC-I5-14500-001', 180.00, 'Processore Intel Core i5-14500, 14 Core, per sistemi equilibrati e efficienti.', FALSE, 50, 'INTCI514500'),
('PROC-U7-265T-001', 280.00, 'Processore Intel Core Ultra 7 Processor 265T, 20 Core, a basso consumo per sistemi compatti ed efficienti (stima lancio 2025).', FALSE, 50, 'INTCU7265T'),
('PROC-U5-235T-001', 220.00, 'Processore Intel Core Ultra 5 Processor 235T, 14 Core, efficiente per Mini-PC e workstation leggere (stima lancio 2025).', FALSE, 50, 'INTCU5235T'),
('PROC-I3-14100-001', 120.00, 'Processore Intel Core i3-14100, 4 Core, entry-level per PC da ufficio e base gaming.', FALSE, 50, 'INTCI314100'),
('PROC-I3-14100F-001', 100.00, 'Processore Intel Core i3-14100F, 4 Core, economico per sistemi con GPU dedicata.', FALSE, 50, 'INTCI314100F'),
('PROC-I9-12900T-001', 300.00, 'Processore Intel Core i9-12900T, 16 Core, versione a basso consumo energetico per desktop compatti.', FALSE, 50, 'INTCI912900T'),
('PROC-I7-12700T-001', 200.00, 'Processore Intel Core i7-12700T, 12 Core, per sistemi compatti ed efficienti, bilanciato.', FALSE, 50, 'INTCI712700T'),
('PROC-I5-14500T-001', 160.00, 'Processore Intel Core i5-14500T, 14 Core, per Mini-PC e Thin Client, ottimizzato per l\'efficienza.', FALSE, 50, 'INTCI514500T'),
('PROC-I5-14400T-001', 140.00, 'Processore Intel Core i5-14400T, 10 Core, basso consumo, ideale per sistemi silenziosi e desktop sottili.', FALSE, 50, 'INTCI514400T'),
('PROC-300-001', 80.00, 'Processore Intel Processor 300, 2 Core, per sistemi base, office e navigazione web.', FALSE, 50, 'INTPROC300');

INSERT INTO Articolo (codiceIdentificativo, categoria, nome, dataUltimaPromozione, enteErogatore, disponibilita) VALUES
('AMDRZN93950X', 'Processore', 'AMD Ryzen 9 3950X', '2025-07-17', 'AMD', TRUE),
('AMDRZN93900X', 'Processore', 'AMD Ryzen 9 3900X', '2025-07-17', 'AMD', TRUE),
('AMDRZN73700X', 'Processore', 'AMD Ryzen 7 3700X', '2025-07-17', 'AMD', TRUE),
('AMDRZN53600', 'Processore', 'AMD Ryzen 5 3600', '2025-07-17', 'AMD', TRUE),
('AMDRZN33300X', 'Processore', 'AMD Ryzen 3 3300X', '2025-07-17', 'AMD', TRUE),
('AMDRZN95950X', 'Processore', 'AMD Ryzen 9 5950X', '2025-07-17', 'AMD', TRUE),
('AMDRZN95900X', 'Processore', 'AMD Ryzen 9 5900X', '2025-07-17', 'AMD', TRUE),
('AMDRZN75800X3D', 'Processore', 'AMD Ryzen 7 5800X3D', '2025-07-17', 'AMD', TRUE),
('AMDRZN75700X', 'Processore', 'AMD Ryzen 7 5700X', '2025-07-17', 'AMD', TRUE),
('AMDRZN55600X', 'Processore', 'AMD Ryzen 5 5600X', '2025-07-17', 'AMD', TRUE),
('AMDRZN55600', 'Processore', 'AMD Ryzen 5 5600', '2025-07-17', 'AMD', TRUE),
('AMDRZN75700X3D', 'Processore', 'AMD Ryzen 7 5700X3D', '2025-07-17', 'AMD', TRUE),
('AMDRZN55500X3D', 'Processore', 'AMD Ryzen 5 5500X3D', '2025-07-17', 'AMD', TRUE),
('AMDRZN97950X3D', 'Processore', 'AMD Ryzen 9 7950X3D', '2025-07-17', 'AMD', TRUE),
('AMDRZN97950X', 'Processore', 'AMD Ryzen 9 7950X', '2025-07-17', 'AMD', TRUE),
('AMDRZN97900X3D', 'Processore', 'AMD Ryzen 9 7900X3D', '2025-07-17', 'AMD', TRUE),
('AMDRZN97900X', 'Processore', 'AMD Ryzen 9 7900X', '2025-07-17', 'AMD', TRUE),
('AMDRZN77800X3D', 'Processore', 'AMD Ryzen 7 7800X3D', '2025-07-17', 'AMD', TRUE),
('AMDRZN77700X', 'Processore', 'AMD Ryzen 7 7700X', '2025-07-17', 'AMD', TRUE),
('AMDRZN77700', 'Processore', 'AMD Ryzen 7 7700', '2025-07-17', 'AMD', TRUE),
('AMDRZN57600X', 'Processore', 'AMD Ryzen 5 7600X', '2025-07-17', 'AMD', TRUE),
('AMDRZN57500F', 'Processore', 'AMD Ryzen 5 7500F', '2025-07-17', 'AMD', TRUE),
('AMDRZN99950X', 'Processore', 'AMD Ryzen 9 9950X', '2025-07-17', 'AMD', TRUE),
('AMDRZN99900X', 'Processore', 'AMD Ryzen 9 9900X', '2025-07-17', 'AMD', TRUE),
('AMDRZN99950X3D', 'Processore', 'AMD Ryzen 9 9950X3D', '2025-07-17', 'AMD', TRUE),
('AMDRZN79800X3D', 'Processore', 'AMD Ryzen 7 9800X3D', '2025-07-17', 'AMD', TRUE),
('AMDRZN59600X', 'Processore', 'AMD Ryzen 5 9600X', '2025-07-17', 'AMD', TRUE),
('AMDRZN59600X3D', 'Processore', 'AMD Ryzen 5 9600X3D', '2025-07-17', 'AMD', TRUE);

INSERT INTO prodotto_fisico (seriale, prezzo, descrizione, isPreassemblato, quantitaMagazzino, codiceIdentificativo) VALUES
('AMDP-R9-3950X-001', 280.00, 'Processore AMD Ryzen 9 3950X, 16 Core, ideale per carichi di lavoro intensivi e gaming di alto livello.', FALSE, 50, 'AMDRZN93950X'),
('AMDP-R9-3900X-001', 200.00, 'Processore AMD Ryzen 9 3900X, 12 Core, ottimo per multitasking e produttività.', FALSE, 50, 'AMDRZN93900X'),
('AMDP-R7-3700X-001', 110.00, 'Processore AMD Ryzen 7 3700X, 8 Core, bilanciato per gaming e applicazioni professionali.', FALSE, 50, 'AMDRZN73700X'),
('AMDP-R5-3600-001', 60.00, 'Processore AMD Ryzen 5 3600, 6 Core, eccellente per gaming e uso quotidiano.', FALSE, 50, 'AMDRZN53600'),
('AMDP-R3-3300X-001', 130.00, 'Processore AMD Ryzen 3 3300X, 4 Core, performante per il gaming a budget.', FALSE, 50, 'AMDRZN33300X'),
('AMDP-R9-5950X-001', 320.00, 'Processore AMD Ryzen 9 5950X, 16 Core Zen 3, prestazioni di punta per creator e gamer.', FALSE, 50, 'AMDRZN95950X'),
('AMDP-R9-5900X-001', 250.00, 'Processore AMD Ryzen 9 5900X, 12 Core Zen 3, eccellente per produttività e gaming.', FALSE, 50, 'AMDRZN95900X'),
('AMDP-R7-5800X3D-001', 350.00, 'Processore AMD Ryzen 7 5800X3D, 8 Core con 3D V-Cache, il re del gaming su AM4.', FALSE, 50, 'AMDRZN75800X3D'),
('AMDP-R7-5700X-001', 150.00, 'Processore AMD Ryzen 7 5700X, 8 Core Zen 3, ottimo rapporto qualità-prezzo.', FALSE, 50, 'AMDRZN75700X'),
('AMDP-R5-5600X-001', 100.00, 'Processore AMD Ryzen 5 5600X, 6 Core Zen 3, una scelta solida per il gaming.', FALSE, 50, 'AMDRZN55600X'),
('AMDP-R5-5600-001', 90.00, 'Processore AMD Ryzen 5 5600, 6 Core Zen 3, efficace per gaming e produttività.', FALSE, 50, 'AMDRZN55600'),
('AMDP-R7-5700X3D-001', 220.00, 'Processore AMD Ryzen 7 5700X3D, 8 Core con 3D V-Cache, per un gaming più accessibile su AM4.', FALSE, 50, 'AMDRZN75700X3D'),
('AMDP-R5-5500X3D-001', 180.00, 'Processore AMD Ryzen 5 5500X3D, 6 Core con 3D V-Cache, per gaming entry-level su AM4 (futuro).', FALSE, 50, 'AMDRZN55500X3D'),
('AMDP-R9-7950X3D-001', 680.00, 'Processore AMD Ryzen 9 7950X3D, 16 Core Zen 4 con 3D V-Cache, prestazioni estreme per gaming e creazione.', FALSE, 50, 'AMDRZN97950X3D'),
('AMDP-R9-7950X-001', 550.00, 'Processore AMD Ryzen 9 7950X, 16 Core Zen 4, potenza bruta per creator e carichi di lavoro pesanti.', FALSE, 50, 'AMDRZN97950X'),
('AMDP-R9-7900X3D-001', 500.00, 'Processore AMD Ryzen 9 7900X3D, 12 Core Zen 4 con 3D V-Cache, per un equilibrio tra gaming e produttività.', FALSE, 50, 'AMDRZN97900X3D'),
('AMDP-R9-7900X-001', 420.00, 'Processore AMD Ryzen 9 7900X, 12 Core Zen 4, alta efficienza per applicazioni esigenti.', FALSE, 50, 'AMDRZN97900X'),
('AMDP-R7-7800X3D-001', 370.00, 'Processore AMD Ryzen 7 7800X3D, 8 Core Zen 4 con 3D V-Cache, il migliore per il gaming puro.', FALSE, 50, 'AMDRZN77800X3D'),
('AMDP-R7-7700X-001', 280.00, 'Processore AMD Ryzen 7 7700X, 8 Core Zen 4, prestazioni elevate per gaming e uso generico.', FALSE, 50, 'AMDRZN77700X'),
('AMDP-R7-7700-001', 230.00, 'Processore AMD Ryzen 7 7700, 8 Core Zen 4, efficiente per uso generale e sistemi bilanciati.', FALSE, 50, 'AMDRZN77700'),
('AMDP-R5-7600X-001', 190.00, 'Processore AMD Ryzen 5 7600X, 6 Core Zen 4, ottimo per gaming su piattaforma AM5.', FALSE, 50, 'AMDRZN57600X'),
('AMDP-R5-7500F-001', 150.00, 'Processore AMD Ryzen 5 7500F, 6 Core Zen 4, senza grafica integrata, per il gaming a budget.', FALSE, 50, 'AMDRZN57500F'),
('AMDP-R9-9950X-001', 700.00, 'Processore AMD Ryzen 9 9950X, 16 Core Zen 5, la prossima generazione di potenza (stima lancio Q3 2024).', FALSE, 50, 'AMDRZN99950X'),
('AMDP-R9-9900X-001', 550.00, 'Processore AMD Ryzen 9 9900X, 12 Core Zen 5, per performance future (stima lancio Q3 2024).', FALSE, 50, 'AMDRZN99900X'),
('AMDP-R9-9950X3D-001', 850.00, 'Processore AMD Ryzen 9 9950X3D, 16 Core Zen 5 con 3D V-Cache, gaming estremo (stima lancio 2025).', FALSE, 50, 'AMDRZN99950X3D'),
('AMDP-R7-9800X3D-001', 500.00, 'Processore AMD Ryzen 7 9800X3D, 8 Core Zen 5 con 3D V-Cache, per gaming avanzato (stima lancio Q4 2024).', FALSE, 50, 'AMDRZN79800X3D'),
('AMDP-R5-9600X-001', 250.00, 'Processore AMD Ryzen 5 9600X, 6 Core Zen 5, il futuro del gaming mainstream (stima lancio Q3 2024).', FALSE, 50, 'AMDRZN59600X'),
('AMDP-R5-9600X3D-001', 320.00, 'Processore AMD Ryzen 5 9600X3D, 6 Core Zen 5 con 3D V-Cache, per gaming di nuova generazione (stima lancio 2025).', FALSE, 50, 'AMDRZN59600X3D');
